Rk,Player,Pos,Age,Tm,G,GS,MP,FG,FGA,FG%,3P,3PA,3P%,2P,2PA,2P%,eFG%,FT,FTA,FT%,ORB,DRB,TRB,AST,STL,BLK,TOV,PF,PS/G
1,Alex Abrines\abrinal01,SG,24,OKC,3,0,22.7,1.7,4.3,.385,0.7,3.0,.222,1.0,1.3,.750,.462,0.7,0.7,1.000,0.7,1.7,2.3,0.3,1.0,0.0,0.7,2.7,4.7
2,Quincy Acy\acyqu01,PF,27,BRK,3,0,14.7,1.7,3.3,.500,1.7,3.0,.556,0.0,0.3,.000,.750,0.0,0.0,,0.0,2.7,2.7,0.3,0.3,0.0,2.3,3.0,5.0
3,Steven Adams\adamsst01,C,24,OKC,3,3,32.3,5.3,7.7,.696,0.0,0.0,,5.3,7.7,.696,.696,2.0,3.3,.600,4.3,3.3,7.7,1.3,2.0,1.7,1.3,1.7,12.7
4,Bam Adebayo\adebaba01,C,20,MIA,1,0,6.0,0.0,1.0,.000,0.0,0.0,,0.0,1.0,.000,.000,0.0,0.0,,0.0,0.0,0.0,0.0,0.0,0.0,0.0,2.0,0.0
5,Arron Afflalo\afflaar01,SG,32,ORL,2,0,10.0,0.0,1.5,.000,0.0,1.0,.000,0.0,0.5,.000,.000,2.0,2.5,.800,0.0,1.0,1.0,1.5,0.0,0.5,0.0,1.0,2.0
6,LaMarcus Aldridge\aldrila01,PF,32,SAS,3,3,36.0,9.3,20.3,.459,0.3,1.7,.200,9.0,18.7,.482,.467,5.3,6.0,.889,4.3,5.0,9.3,3.3,0.7,1.7,2.0,2.3,24.3
7,Jarrett Allen\allenja01,F-C,19,BRK,2,0,14.5,2.0,4.0,.500,0.0,0.5,.000,2.0,3.5,.571,.500,2.5,4.0,.625,1.5,1.5,3.0,0.0,0.5,2.5,0.0,2.5,6.5
8,Tony Allen\allento01,SG,36,NOP,3,0,8.7,1.0,2.0,.500,0.0,0.0,,1.0,2.0,.500,.500,0.0,0.0,,0.7,0.7,1.3,0.3,0.7,0.7,0.7,1.7,2.0
9,Al-Farouq Aminu\aminual01,PF,27,POR,3,3,29.3,3.3,8.0,.417,1.3,3.0,.444,2.0,5.0,.400,.500,0.7,0.7,1.000,2.7,8.7,11.3,2.0,0.3,1.0,0.3,1.3,8.7
10,Justin Anderson\anderju01,SF,24,PHI,2,0,10.0,2.0,6.0,.333,1.0,3.5,.286,1.0,2.5,.400,.417,1.0,2.0,.500,0.5,0.0,0.5,0.0,0.0,0.5,0.5,1.5,6.0
11,Kyle Anderson\anderky01,SF,24,SAS,3,3,30.0,3.7,8.3,.440,0.3,0.7,.500,3.3,7.7,.435,.460,1.0,2.0,.500,1.3,5.7,7.0,1.0,0.0,1.0,1.3,1.7,8.7
12,Ryan Anderson\anderry01,PF,29,HOU,4,4,28.3,2.5,7.5,.333,1.8,5.8,.304,0.8,1.8,.429,.450,1.0,1.0,1.000,2.0,5.3,7.3,1.0,0.3,0.3,0.0,2.0,7.8
13,Ike Anigbogu\anigbik01,F-C,19,IND,1,0,2.0,0.0,0.0,,0.0,0.0,,0.0,0.0,,,0.0,0.0,,0.0,0.0,0.0,0.0,0.0,0.0,0.0,0.0,0.0
14,Giannis Antetokounmpo\antetgi01,PF,23,MIL,4,4,38.5,14.5,22.0,.659,0.3,1.5,.167,14.3,20.5,.695,.665,7.5,10.0,.750,1.8,9.0,10.8,5.3,2.3,1.0,3.8,3.5,36.8
15,Carmelo Anthony\anthoca01,SF,33,OKC,3,3,35.7,9.7,21.7,.446,2.3,8.3,.280,7.3,13.3,.550,.500,2.0,2.7,.750,0.0,2.0,2.0,1.7,2.0,1.0,1.7,3.3,23.7
16,OG Anunoby\anunoog01,SF,20,TOR,3,0,15.7,2.0,4.7,.429,0.7,2.3,.286,1.3,2.3,.571,.500,0.7,0.7,1.000,0.7,1.7,2.3,1.7,0.3,0.0,0.0,2.7,5.3
17,Ryan Arcidiacono\arcidry01,PG,23,CHI,1,0,5.0,0.0,2.0,.000,0.0,2.0,.000,0.0,0.0,,.000,0.0,0.0,,0.0,0.0,0.0,1.0,0.0,0.0,0.0,1.0,0.0
18,Trevor Ariza\arizatr01,SF,32,HOU,4,4,35.3,1.5,6.8,.222,0.8,4.8,.158,0.8,2.0,.375,.278,1.3,1.3,1.000,0.3,4.0,4.3,3.0,1.8,0.3,0.5,1.5,5.0
19,D.J. Augustin\augusdj01,PG,30,ORL,3,1,22.0,3.0,5.0,.600,1.7,2.7,.625,1.3,2.3,.571,.767,2.0,3.0,.667,0.7,2.7,3.3,5.7,0.7,0.0,1.7,2.0,9.7
20,Luke Babbitt\babbilu01,SF,28,ATL,4,0,13.5,2.0,4.0,.500,0.8,2.5,.300,1.3,1.5,.833,.594,0.5,0.5,1.000,0.3,1.0,1.3,0.0,0.3,0.0,0.8,1.5,5.3
21,Dwayne Bacon\bacondw01,SG,22,CHO,3,3,21.3,2.3,5.3,.438,1.3,3.3,.400,1.0,2.0,.500,.563,0.3,0.7,.500,0.0,5.7,5.7,1.3,0.3,0.0,1.3,1.7,6.3
22,Ron Baker\bakerro01,SG,24,NYK,2,0,19.0,1.0,2.0,.500,1.0,1.5,.667,0.0,0.5,.000,.750,1.5,4.0,.375,0.0,1.0,1.0,4.5,1.5,0.0,2.5,1.0,4.5
23,Lonzo Ball\balllo01,PG,20,LAL,3,3,34.3,5.3,15.3,.348,1.7,5.7,.294,3.7,9.7,.379,.402,1.0,2.0,.500,1.0,8.3,9.3,8.7,1.0,0.3,3.7,2.0,13.3
24,J.J. Barea\bareajo01,PG,33,DAL,4,1,23.3,5.3,12.0,.438,2.0,4.8,.421,3.3,7.3,.448,.521,1.0,1.8,.571,0.5,2.5,3.0,6.5,0.3,0.3,2.0,1.8,13.5
25,Harrison Barnes\barneha02,PF,25,DAL,4,4,34.8,5.5,15.8,.349,0.8,3.8,.200,4.8,12.0,.396,.373,4.5,6.0,.750,2.0,3.8,5.8,2.3,0.8,0.0,1.8,1.0,16.3
26,Will Barton\bartowi01,SG,27,DEN,3,0,30.0,6.3,13.0,.487,2.7,6.0,.444,3.7,7.0,.524,.590,1.3,2.0,.667,1.0,4.0,5.0,2.7,0.7,0.3,1.3,2.3,16.7
27,Jerryd Bayless\bayleje01,SG,29,PHI,4,4,29.3,4.8,9.0,.528,2.8,5.3,.524,2.0,3.8,.533,.681,1.0,1.0,1.000,0.0,2.5,2.5,1.5,1.0,0.0,2.0,3.0,13.3
28,Aron Baynes\baynear01,C,31,BOS,3,1,16.3,3.0,4.3,.692,0.0,0.0,,3.0,4.3,.692,.692,0.7,1.7,.400,2.7,2.3,5.0,1.0,0.0,0.3,1.0,4.7,6.7
29,Kent Bazemore\bazemke01,SG,28,ATL,4,4,28.8,4.5,11.3,.400,0.8,2.5,.300,3.8,8.8,.429,.433,3.8,4.5,.833,0.5,2.5,3.0,3.0,1.5,0.3,2.0,2.0,13.5
30,Bradley Beal\bealbr01,SG,24,WAS,3,3,35.3,7.7,17.3,.442,1.0,4.0,.250,6.7,13.3,.500,.471,7.0,8.7,.808,1.0,4.0,5.0,3.3,1.3,1.3,2.0,2.3,23.3
31,Malik Beasley\beaslma01,SG,21,DEN,3,0,3.3,0.3,0.3,1.000,0.3,0.3,1.000,0.0,0.0,,1.500,0.0,0.0,,0.0,0.7,0.7,0.7,0.3,0.0,0.3,0.3,1.0
32,Michael Beasley\beaslmi01,PF,29,NYK,2,0,9.0,1.5,3.5,.429,0.0,1.0,.000,1.5,2.5,.600,.429,1.0,2.0,.500,0.5,1.5,2.0,0.5,0.5,0.0,0.5,0.5,4.0
33,Marco Belinelli\belinma01,SG,31,ATL,4,0,26.5,4.5,11.5,.391,2.3,4.8,.474,2.3,6.8,.333,.489,2.5,2.5,1.000,0.0,2.8,2.8,2.5,1.0,0.0,1.8,1.0,13.8
34,Jordan Bell\belljo01,C,23,GSW,4,0,7.8,2.3,2.5,.900,0.0,0.0,,2.3,2.5,.900,.900,0.0,0.3,.000,0.8,1.5,2.3,0.8,0.3,0.5,0.5,1.5,4.5
35,DeAndre' Bembry\bembrde01,SF,23,ATL,1,0,18.0,3.0,6.0,.500,0.0,1.0,.000,3.0,5.0,.600,.500,0.0,0.0,,1.0,5.0,6.0,1.0,2.0,1.0,2.0,0.0,6.0
36,Dragan Bender\bendedr01,PF,20,PHO,4,0,18.3,0.8,3.3,.231,0.8,2.5,.300,0.0,0.8,.000,.346,1.0,1.0,1.000,0.3,4.3,4.5,0.5,0.5,0.8,2.0,1.3,3.3
37,Davis Bertans\bertada01,PF,25,SAS,1,0,4.0,0.0,1.0,.000,0.0,1.0,.000,0.0,0.0,,.000,0.0,0.0,,0.0,2.0,2.0,0.0,0.0,0.0,0.0,0.0,0.0
38,Patrick Beverley\beverpa01,SG,29,LAC,2,2,25.0,5.0,10.0,.500,2.0,3.5,.571,3.0,6.5,.462,.600,0.5,1.0,.500,1.5,1.0,2.5,1.5,3.5,0.5,1.5,3.5,12.5
39,Khem Birch\birchkh01,F,25,ORL,1,0,5.0,1.0,3.0,.333,0.0,0.0,,1.0,3.0,.333,.333,0.0,0.0,,2.0,0.0,2.0,1.0,0.0,0.0,0.0,3.0,2.0
40,Jabari Bird\birdja01,G,23,BOS,1,0,14.0,0.0,1.0,.000,0.0,1.0,.000,0.0,0.0,,.000,3.0,5.0,.600,0.0,1.0,1.0,0.0,0.0,0.0,0.0,1.0,3.0
41,Bismack Biyombo\biyombi01,C,25,ORL,3,0,14.3,2.3,5.3,.438,0.0,0.0,,2.3,5.3,.438,.438,2.0,2.3,.857,2.0,1.7,3.7,0.0,0.0,1.3,2.0,3.3,6.7
42,Nemanja Bjelica\bjeline01,PF,29,MIN,3,0,11.7,2.7,4.7,.571,1.3,1.7,.800,1.3,3.0,.444,.714,0.7,0.7,1.000,0.7,2.3,3.0,0.3,0.0,0.0,0.7,1.0,7.3
43,Tarik Black\blackta01,C,26,HOU,1,0,13.0,2.0,2.0,1.000,0.0,0.0,,2.0,2.0,1.000,1.000,0.0,0.0,,0.0,6.0,6.0,0.0,1.0,2.0,0.0,3.0,4.0
44,Antonio Blakeney\blakean01,SG,21,CHI,1,0,1.0,1.0,1.0,1.000,0.0,0.0,,1.0,1.0,1.000,1.000,0.0,0.0,,0.0,0.0,0.0,0.0,0.0,0.0,0.0,0.0,2.0
45,Eric Bledsoe\bledser01,PG,28,PHO,3,3,27.7,5.3,13.3,.400,1.3,4.3,.308,4.0,9.0,.444,.450,3.7,4.7,.786,1.0,1.3,2.3,3.0,1.3,0.7,3.3,2.0,15.7
46,Bogdan Bogdanovic\bogdabo01,G,25,SAC,1,0,25.0,5.0,15.0,.333,1.0,4.0,.250,4.0,11.0,.364,.367,1.0,1.0,1.000,0.0,3.0,3.0,2.0,2.0,0.0,0.0,1.0,12.0
47,Bojan Bogdanovic\bogdabo02,SF,28,IND,3,3,24.7,4.0,8.0,.500,0.7,2.3,.286,3.3,5.7,.588,.542,2.0,2.7,.750,0.0,1.3,1.3,0.3,0.0,0.0,1.7,1.3,10.7
48,Andrew Bogut\bogutan01,C,33,LAL,3,0,9.0,0.3,0.7,.500,0.0,0.0,,0.3,0.7,.500,.500,0.0,0.0,,0.0,2.7,2.7,0.7,0.3,1.0,1.3,2.0,0.7
49,Devin Booker\bookede01,SG,21,PHO,4,4,31.8,7.0,16.5,.424,1.5,5.5,.273,5.5,11.0,.500,.470,2.5,3.3,.769,0.8,5.0,5.8,4.3,1.3,0.3,2.5,2.0,18.0
50,Trevor Booker\booketr01,PF,30,BRK,3,0,26.0,6.3,10.7,.594,0.0,0.3,.000,6.3,10.3,.613,.594,4.3,6.3,.684,4.3,4.7,9.0,2.0,0.3,0.0,2.0,2.3,17.0
51,Avery Bradley\bradlav01,SG,27,DET,4,4,29.0,5.5,12.0,.458,1.3,3.3,.385,4.3,8.8,.486,.510,1.0,1.3,.800,0.8,1.8,2.5,2.3,0.8,0.0,2.5,3.0,13.3
52,Corey Brewer\breweco01,SF,31,LAL,3,1,19.7,1.3,3.0,.444,0.0,0.3,.000,1.3,2.7,.500,.444,0.3,1.3,.250,0.3,2.0,2.3,0.7,1.0,0.3,0.7,1.3,3.0
53,Malcolm Brogdon\brogdma01,PG,25,MIL,3,3,35.3,5.7,12.0,.472,2.3,4.7,.500,3.3,7.3,.455,.569,2.3,2.7,.875,0.3,1.0,1.3,3.7,2.0,0.0,2.0,2.0,16.0
54,Dillon Brooks\brookdi01,SF,22,MEM,3,0,27.7,4.0,7.3,.545,0.3,1.7,.200,3.7,5.7,.647,.568,2.0,3.3,.600,0.7,1.7,2.3,1.3,2.0,1.0,1.7,2.7,10.3
55,Bobby Brown\brownbo02,PG,33,HOU,1,0,5.0,1.0,3.0,.333,1.0,3.0,.333,0.0,0.0,,.500,0.0,0.0,,0.0,0.0,0.0,0.0,0.0,0.0,1.0,0.0,3.0
56,Jaylen Brown\brownja02,SF,21,BOS,3,3,35.0,7.0,15.7,.447,1.7,5.3,.313,5.3,10.3,.516,.500,1.7,3.3,.500,0.7,5.7,6.3,1.0,1.3,0.0,1.0,4.3,17.3
57,Sterling Brown\brownst02,G,22,MIL,1,0,6.0,1.0,3.0,.333,1.0,1.0,1.000,0.0,2.0,.000,.500,0.0,0.0,,0.0,0.0,0.0,0.0,0.0,0.0,0.0,0.0,3.0
58,Nicolas Brussino\brussni01,SF,24,ATL,1,0,3.0,0.0,1.0,.000,0.0,1.0,.000,0.0,0.0,,.000,0.0,0.0,,0.0,1.0,1.0,0.0,0.0,0.0,0.0,0.0,0.0
59,Alec Burks\burksal01,SG,26,UTA,3,0,14.7,3.3,5.7,.588,1.0,1.3,.750,2.3,4.3,.538,.676,0.3,0.7,.500,0.0,2.0,2.0,0.3,1.0,0.3,0.7,1.0,8.0
60,Jimmy Butler\butleji01,SG,28,MIN,3,3,37.7,5.7,14.3,.395,1.0,3.0,.333,4.7,11.3,.412,.430,1.0,1.0,1.000,0.0,5.7,5.7,4.0,2.0,0.0,2.7,2.0,13.3
61,Bruno Caboclo\cabocbr01,SF,22,TOR,1,0,6.0,0.0,2.0,.000,0.0,2.0,.000,0.0,0.0,,.000,0.0,0.0,,0.0,1.0,1.0,1.0,1.0,0.0,0.0,1.0,0.0
62,Jose Calderon\caldejo01,PG,36,CLE,2,1,7.5,0.5,1.5,.333,0.0,0.5,.000,0.5,1.0,.500,.333,0.0,0.0,,0.0,1.0,1.0,1.0,0.0,0.0,1.0,0.0,1.0
63,Kentavious Caldwell-Pope\caldwke01,SG,24,LAL,1,1,31.0,7.0,11.0,.636,2.0,4.0,.500,5.0,7.0,.714,.727,4.0,4.0,1.000,1.0,1.0,2.0,1.0,2.0,1.0,2.0,1.0,20.0
64,Clint Capela\capelca01,C,23,HOU,4,4,23.0,7.0,9.8,.718,0.0,0.0,,7.0,9.8,.718,.718,1.3,1.5,.833,2.5,6.8,9.3,0.8,1.3,1.0,1.0,2.8,15.3
65,DeMarre Carroll\carrode01,SF,31,BRK,3,3,27.7,4.7,9.3,.500,2.0,4.7,.429,2.7,4.7,.571,.607,3.3,4.7,.714,1.3,5.3,6.7,2.0,1.7,0.7,1.7,2.0,14.7
66,Vince Carter\cartevi01,SF,41,SAC,4,0,11.0,1.0,3.3,.308,1.0,2.3,.444,0.0,1.0,.000,.462,0.0,0.0,,0.0,1.3,1.3,0.8,0.0,0.0,0.3,1.0,3.0
67,Alex Caruso\carusal01,PG,23,LAL,2,0,9.5,0.5,1.0,.500,0.0,0.0,,0.5,1.0,.500,.500,0.0,0.0,,0.0,1.0,1.0,2.0,0.0,0.0,1.0,0.0,1.0
68,Omri Casspi\casspom01,SF,29,GSW,2,0,5.5,0.0,0.0,,0.0,0.0,,0.0,0.0,,,1.0,1.0,1.000,0.0,0.5,0.5,0.0,0.0,0.0,0.0,0.0,1.0
69,Willie Cauley-Stein\caulewi01,C,24,SAC,4,4,28.3,5.0,8.8,.571,0.0,0.5,.000,5.0,8.3,.606,.571,1.0,2.3,.444,2.5,5.8,8.3,1.8,0.3,1.0,0.8,3.0,11.0
70,Mario Chalmers\chalmma01,G,31,MEM,3,0,24.3,2.0,6.7,.300,0.7,2.7,.250,1.3,4.0,.333,.350,4.0,5.7,.706,0.0,1.3,1.3,3.7,1.0,0.3,0.7,3.7,8.7
71,Tyson Chandler\chandty01,C,35,PHO,4,4,25.3,3.0,4.8,.632,0.0,0.0,,3.0,4.8,.632,.632,2.0,3.0,.667,3.0,7.0,10.0,0.0,0.5,0.5,1.5,3.5,8.0
72,Wilson Chandler\chandwi01,SF,30,DEN,3,3,32.0,2.7,7.7,.348,0.7,2.3,.286,2.0,5.3,.375,.391,1.0,1.3,.750,3.0,2.3,5.3,3.0,1.0,0.3,1.7,2.0,7.0
73,Marquese Chriss\chrisma01,PF,20,PHO,4,1,18.8,3.0,6.5,.462,1.3,2.3,.556,1.8,4.3,.412,.558,1.0,1.3,.800,0.5,3.0,3.5,0.5,0.5,1.8,1.5,4.3,8.3
74,Ian Clark\clarkia01,SG,26,NOP,3,0,24.0,4.0,6.3,.632,2.3,4.0,.583,1.7,2.3,.714,.816,0.0,0.0,,0.0,2.0,2.0,2.0,1.3,0.0,1.0,1.7,10.3
75,Jordan Clarkson\clarkjo01,SG,25,LAL,3,0,21.7,7.7,15.0,.511,2.3,4.7,.500,5.3,10.3,.516,.589,2.0,2.3,.857,0.0,1.3,1.3,2.7,0.7,0.0,2.3,1.0,19.7
76,Gian Clavell\clavegi01,G,24,DAL,3,0,13.7,1.3,4.0,.333,1.3,3.3,.400,0.0,0.7,.000,.500,0.0,0.0,,0.3,2.0,2.3,1.0,0.7,0.0,0.3,1.7,4.0
77,John Collins\collijo01,PF,20,ATL,4,0,19.3,4.8,9.0,.528,0.0,0.0,,4.8,9.0,.528,.528,2.3,2.8,.818,3.3,4.5,7.8,0.8,0.8,1.0,1.3,3.5,11.8
78,Zach Collins\colliza01,C-F,20,POR,1,0,7.0,0.0,4.0,.000,0.0,1.0,.000,0.0,3.0,.000,.000,0.0,0.0,,2.0,0.0,2.0,0.0,0.0,0.0,1.0,2.0,0.0
79,Darren Collison\collida01,PG,30,IND,3,3,31.0,5.7,10.0,.567,1.3,3.3,.400,4.3,6.7,.650,.633,2.3,3.0,.778,1.0,2.3,3.3,7.7,1.0,0.3,1.7,1.7,15.0
80,Mike Conley\conlemi01,PG,30,MEM,3,3,31.0,5.0,13.0,.385,2.3,6.7,.350,2.7,6.3,.421,.474,5.7,6.7,.850,0.0,3.3,3.3,4.7,0.7,0.0,1.3,3.0,18.0
81,Pat Connaughton\connapa01,SG,25,POR,3,0,24.3,4.3,7.3,.591,2.3,4.3,.538,2.0,3.0,.667,.750,0.7,0.7,1.000,0.0,1.7,1.7,1.3,0.0,0.0,1.0,1.7,11.7
82,Quinn Cook\cookqu01,PG,24,GSW,1,0,1.0,1.0,1.0,1.000,0.0,0.0,,1.0,1.0,1.000,1.000,0.0,0.0,,0.0,0.0,0.0,0.0,0.0,0.0,0.0,1.0,2.0
83,DeMarcus Cousins\couside01,C,27,NOP,3,3,35.7,9.3,20.3,.459,2.3,7.7,.304,7.0,12.7,.553,.516,7.3,9.7,.759,2.3,9.3,11.7,5.0,1.3,3.0,5.3,4.7,28.3
84,Robert Covington\covinro01,SF,27,PHI,4,4,26.3,5.0,9.8,.513,3.3,5.8,.565,1.8,4.0,.438,.679,1.5,1.8,.857,1.5,2.8,4.3,1.3,1.3,1.0,1.8,4.0,14.8
85,Allen Crabbe\crabbal01,SG,25,BRK,3,1,25.0,3.7,7.3,.500,2.3,4.7,.500,1.3,2.7,.500,.659,4.0,4.3,.923,0.3,4.0,4.3,1.0,1.0,1.0,1.3,1.3,13.7
86,Jamal Crawford\crawfja01,SG,37,MIN,3,0,19.7,3.3,7.0,.476,1.3,2.7,.500,2.0,4.3,.462,.571,2.0,2.0,1.000,0.3,0.7,1.0,2.7,0.3,0.3,1.3,1.7,10.0
87,Jordan Crawford\crawfjo02,SG,29,NOP,2,0,18.5,3.5,7.0,.500,2.0,2.5,.800,1.5,4.5,.333,.643,0.0,0.0,,1.0,0.0,1.0,5.0,0.0,0.5,2.0,3.0,9.0
88,Jae Crowder\crowdja01,SF,27,CLE,3,3,26.0,3.0,7.0,.429,1.0,3.0,.333,2.0,4.0,.500,.500,1.3,1.3,1.000,0.3,3.3,3.7,1.0,1.3,0.3,1.3,2.3,8.3
89,Dante Cunningham\cunnida01,SF,30,NOP,3,3,26.7,2.3,6.0,.389,0.7,3.0,.222,1.7,3.0,.556,.444,1.0,1.7,.600,1.3,4.7,6.0,0.3,0.7,0.3,0.0,1.7,6.3
90,Stephen Curry\curryst01,PG,29,GSW,4,4,31.5,7.8,16.5,.470,3.8,10.3,.366,4.0,6.3,.640,.583,9.8,9.8,1.000,0.5,3.5,4.0,5.8,1.3,0.0,2.8,2.8,29.0
91,Troy Daniels\danietr01,SG,26,PHO,4,0,13.5,1.8,4.0,.438,1.5,3.5,.429,0.3,0.5,.500,.625,0.3,0.5,.500,0.0,0.3,0.3,0.3,0.3,0.0,0.5,1.5,5.3
92,Anthony Davis\davisan02,PF,24,NOP,3,3,39.7,11.0,20.7,.532,1.7,3.7,.455,9.3,17.0,.549,.573,8.0,10.7,.750,5.0,12.3,17.3,2.7,1.7,1.7,4.0,2.3,31.7
93,Ed Davis\davised01,PF,28,POR,3,0,16.7,2.7,4.0,.667,0.0,0.0,,2.7,4.0,.667,.667,2.3,3.0,.778,3.3,5.7,9.0,0.3,0.0,1.0,0.7,2.7,7.7
94,Dewayne Dedmon\dedmode01,C,28,ATL,4,4,25.0,2.8,6.3,.440,0.5,1.5,.333,2.3,4.8,.474,.480,0.8,1.0,.750,1.3,5.5,6.8,1.0,0.8,1.0,1.3,2.3,6.8
95,Sam Dekker\dekkesa01,SF,23,LAC,2,0,9.5,1.5,3.0,.500,0.5,1.0,.500,1.0,2.0,.500,.583,0.0,0.0,,0.5,1.0,1.5,1.0,0.0,0.0,0.0,0.5,3.5
96,Malcolm Delaney\delanma01,PG,28,ATL,4,1,22.3,1.8,6.0,.292,0.8,1.8,.429,1.0,4.3,.235,.354,1.5,2.5,.600,0.3,2.3,2.5,2.3,0.8,0.3,1.3,1.8,5.8
97,Matthew Dellavedova\dellama01,PG,27,MIL,4,1,24.8,1.8,5.8,.304,0.8,2.8,.273,1.0,3.0,.333,.370,1.3,1.5,.833,0.0,2.0,2.0,4.8,0.0,0.0,1.5,2.3,5.5
98,Luol Deng\denglu01,SF,32,LAL,1,1,13.0,1.0,2.0,.500,0.0,0.0,,1.0,2.0,.500,.500,0.0,0.0,,0.0,0.0,0.0,1.0,1.0,0.0,1.0,0.0,2.0
99,DeMar DeRozan\derozde01,SG,28,TOR,3,3,31.7,6.7,13.7,.488,0.7,2.0,.333,6.0,11.7,.514,.512,9.0,11.0,.818,0.3,3.3,3.7,4.0,1.7,0.3,3.3,2.3,23.0
100,Cheick Diallo\diallch01,PF,21,NOP,1,0,1.0,0.0,0.0,,0.0,0.0,,0.0,0.0,,,0.0,0.0,,0.0,0.0,0.0,0.0,0.0,0.0,0.0,0.0,0.0
101,Gorgui Dieng\dienggo01,C,28,MIN,3,0,13.7,1.3,4.3,.308,0.3,1.0,.333,1.0,3.3,.300,.346,1.0,1.7,.600,2.3,1.3,3.7,1.3,0.3,0.0,1.3,1.7,4.0
102,Spencer Dinwiddie\dinwisp01,PG,24,BRK,3,0,20.0,3.0,8.7,.346,1.0,3.0,.333,2.0,5.7,.353,.404,0.7,1.0,.667,1.7,2.0,3.7,4.7,1.0,0.0,1.0,1.0,7.7
103,Tyler Dorsey\dorsety01,G,21,ATL,3,0,3.0,0.0,0.7,.000,0.0,0.7,.000,0.0,0.0,,.000,0.0,0.0,,0.0,0.7,0.7,0.0,0.0,0.0,0.3,0.0,0.0
104,Damyean Dotson\dotsoda01,SG,23,NYK,1,0,3.0,0.0,1.0,.000,0.0,0.0,,0.0,1.0,.000,.000,0.0,0.0,,0.0,0.0,0.0,0.0,0.0,0.0,0.0,0.0,0.0
105,Goran Dragic\dragigo01,PG,31,MIA,3,3,31.7,7.3,16.0,.458,1.7,3.7,.455,5.7,12.3,.459,.510,3.3,4.3,.769,1.3,2.3,3.7,5.0,0.7,0.0,1.3,1.0,19.7
106,Andre Drummond\drumman01,C,24,DET,4,4,31.3,5.3,9.5,.553,0.0,0.0,,5.3,9.5,.553,.553,2.5,3.0,.833,5.0,7.8,12.8,2.0,1.8,1.0,1.8,4.3,13.0
107,Jared Dudley\dudleja01,F-G,32,PHO,1,0,5.0,0.0,1.0,.000,0.0,1.0,.000,0.0,0.0,,.000,0.0,0.0,,0.0,0.0,0.0,0.0,0.0,0.0,1.0,0.0,0.0
108,Kevin Durant\duranke01,SF,29,GSW,4,4,37.3,9.0,18.0,.500,3.3,6.5,.500,5.8,11.5,.500,.590,2.8,4.0,.688,0.8,7.8,8.5,4.5,0.5,3.8,5.3,2.5,24.0
109,Henry Ellenson\ellenhe01,PF,21,DET,2,0,10.0,2.5,5.0,.500,1.0,2.0,.500,1.5,3.0,.500,.600,0.5,0.5,1.000,0.0,2.0,2.0,0.5,0.5,0.0,0.5,1.5,6.5
110,Wayne Ellington\ellinwa01,SG,30,MIA,3,0,16.7,3.3,7.3,.455,2.7,6.0,.444,0.7,1.3,.500,.636,1.0,1.0,1.000,0.3,1.3,1.7,1.0,1.0,0.0,1.3,0.3,10.3
111,Joel Embiid\embiijo01,C,23,PHI,3,3,27.7,7.3,15.3,.478,0.3,3.7,.091,7.0,11.7,.600,.489,4.7,5.0,.933,1.0,11.0,12.0,2.0,1.0,1.0,4.7,2.7,19.7
112,James Ennis\ennisja01,SF,27,MEM,3,3,27.0,4.0,5.3,.750,0.3,0.3,1.000,3.7,5.0,.733,.781,2.3,3.0,.778,1.3,4.0,5.3,2.0,0.7,0.0,1.0,2.7,10.7
113,Tyler Ennis\ennisty01,PG,23,LAL,3,0,5.7,0.3,2.0,.167,0.0,0.0,,0.3,2.0,.167,.167,0.0,0.0,,0.3,0.3,0.7,1.0,0.0,0.0,0.0,0.7,0.7
114,Tyreke Evans\evansty01,SG,28,MEM,3,0,22.0,3.7,10.3,.355,1.3,3.7,.364,2.3,6.7,.350,.419,0.7,1.3,.500,1.0,4.7,5.7,2.0,0.7,0.0,1.0,1.3,9.3
115,Kenneth Faried\farieke01,PF,28,DEN,3,0,13.3,3.3,4.7,.714,0.0,0.0,,3.3,4.7,.714,.714,2.0,2.7,.750,2.0,3.0,5.0,0.7,0.7,0.3,0.7,0.7,8.7
116,Derrick Favors\favorde01,PF,26,UTA,3,3,27.7,6.3,11.7,.543,0.0,1.0,.000,6.3,10.7,.594,.543,1.7,2.0,.833,0.7,3.0,3.7,2.7,0.7,0.3,2.0,2.3,14.3
117,Kay Felder\feldeka01,PG,22,CHI,2,0,15.0,2.5,8.0,.313,0.0,0.5,.000,2.5,7.5,.333,.313,1.0,1.0,1.000,0.0,1.5,1.5,4.0,0.0,0.0,3.5,1.0,6.0
118,Cristiano Felicio\feliccr01,C,25,CHI,2,0,17.5,1.5,2.5,.600,0.0,0.0,,1.5,2.5,.600,.600,0.0,0.0,,2.5,1.5,4.0,1.0,0.0,0.0,1.5,4.0,3.0
119,Raymond Felton\feltora01,PG,33,OKC,3,0,17.3,3.0,4.7,.643,1.3,2.0,.667,1.7,2.7,.625,.786,0.0,0.0,,0.0,0.7,0.7,2.0,1.7,0.0,0.7,2.7,7.3
120,Terrance Ferguson\fergute01,SG,19,OKC,2,0,10.0,0.5,2.5,.200,0.0,1.0,.000,0.5,1.5,.333,.200,0.0,0.0,,0.5,0.0,0.5,0.0,0.0,0.0,0.5,1.5,1.0
121,Yogi Ferrell\ferreyo01,SG,24,DAL,4,3,34.5,3.8,9.5,.395,2.5,4.8,.526,1.3,4.8,.263,.526,3.8,4.0,.938,0.5,2.3,2.8,3.0,1.0,0.0,1.3,2.5,13.8
122,Dorian Finney-Smith\finnedo01,PF,24,DAL,4,1,13.8,1.5,2.8,.545,0.8,2.0,.375,0.8,0.8,1.000,.682,0.3,0.5,.500,1.0,0.8,1.8,0.8,0.0,0.0,1.0,1.8,4.0
123,Bryn Forbes\forbebr01,SG,24,SAS,3,0,6.7,1.0,2.7,.375,0.0,0.3,.000,1.0,2.3,.429,.375,0.0,0.0,,0.3,0.3,0.7,0.0,0.0,0.0,0.0,0.7,2.0
124,Evan Fournier\fournev01,SF,25,ORL,3,3,32.3,7.0,15.7,.447,2.7,5.3,.500,4.3,10.3,.419,.532,2.7,2.7,1.000,0.7,3.7,4.3,4.0,1.3,0.7,1.3,1.3,19.3
125,De'Aaron Fox\foxde01,PG,20,SAC,4,0,27.3,6.5,14.3,.456,0.5,1.3,.400,6.0,13.0,.462,.474,1.5,1.8,.857,1.3,3.8,5.0,5.0,1.0,0.0,2.0,3.0,15.0
126,Tim Frazier\fraziti01,PG,27,WAS,3,0,13.7,1.0,2.7,.375,0.3,1.3,.250,0.7,1.3,.500,.438,1.0,1.0,1.000,0.3,0.7,1.0,4.0,1.3,0.0,1.7,3.0,3.3
127,Channing Frye\fryech01,C,34,CLE,2,0,5.0,1.5,2.0,.750,1.0,1.0,1.000,0.5,1.0,.500,1.000,0.0,0.0,,0.5,0.5,1.0,0.5,0.0,0.0,0.0,0.5,4.0
128,Markelle Fultz\fultzma01,SG,19,PHI,4,0,19.0,2.3,6.8,.333,0.0,0.0,,2.3,6.8,.333,.333,1.5,3.0,.500,0.8,1.5,2.3,1.8,0.5,0.3,1.0,1.5,6.0
129,Danilo Gallinari\gallida01,SF,29,LAC,2,2,31.5,3.5,13.5,.259,2.5,7.0,.357,1.0,6.5,.154,.352,2.0,2.5,.800,0.5,6.0,6.5,2.0,1.0,0.5,1.0,2.0,11.5
130,Langston Galloway\gallola01,SG,26,DET,3,0,16.7,3.7,6.0,.611,2.3,4.0,.583,1.3,2.0,.667,.806,0.3,0.3,1.000,0.0,2.3,2.3,0.3,1.0,0.0,1.0,1.0,10.0
131,Marc Gasol\gasolma01,C,33,MEM,3,3,34.3,7.3,16.3,.449,1.3,4.0,.333,6.0,12.3,.486,.490,8.7,9.0,.963,1.7,8.3,10.0,2.7,0.3,2.3,4.3,3.7,24.7
132,Pau Gasol\gasolpa01,C,37,SAS,3,3,23.7,2.0,7.3,.273,0.3,1.7,.200,1.7,5.7,.294,.295,1.7,2.3,.714,2.0,5.0,7.0,4.0,0.0,2.0,2.7,1.0,6.0
133,Rudy Gay\gayru01,SF,31,SAS,3,0,22.7,5.3,10.0,.533,0.3,1.7,.200,5.0,8.3,.600,.550,1.3,2.3,.571,1.3,3.0,4.3,1.0,1.3,0.3,1.0,2.7,12.3
134,Paul George\georgpa01,SF,27,OKC,3,3,38.0,7.7,20.7,.371,3.3,10.0,.333,4.3,10.7,.406,.452,2.7,2.7,1.000,0.0,5.7,5.7,3.7,3.3,0.3,3.0,2.7,21.3
135,Taj Gibson\gibsota01,PF,32,MIN,3,3,29.0,3.3,7.7,.435,0.3,1.3,.250,3.0,6.3,.474,.457,0.0,0.0,,2.3,5.0,7.3,2.0,1.3,0.0,2.3,1.3,7.0
136,Manu Ginobili\ginobma01,SG,40,SAS,3,0,21.7,2.7,7.3,.364,0.7,3.0,.222,2.0,4.3,.462,.409,1.7,2.0,.833,0.3,1.7,2.0,2.7,1.3,0.7,1.0,2.3,7.7
137,Rudy Gobert\goberru01,C,25,UTA,3,3,33.3,6.7,10.0,.667,0.0,0.0,,6.7,10.0,.667,.667,1.3,1.3,1.000,3.3,8.7,12.0,1.0,1.0,1.0,3.3,3.3,14.7
138,Aaron Gordon\gordoaa01,PF,22,ORL,1,1,34.0,4.0,13.0,.308,1.0,2.0,.500,3.0,11.0,.273,.346,5.0,6.0,.833,2.0,7.0,9.0,3.0,0.0,2.0,1.0,4.0,14.0
139,Eric Gordon\gordoer01,SG,29,HOU,4,3,30.5,7.3,17.5,.414,2.5,10.0,.250,4.8,7.5,.633,.486,6.5,7.8,.839,0.3,2.3,2.5,3.3,0.3,0.5,2.0,2.5,23.5
140,Marcin Gortat\gortama01,C,33,WAS,3,3,32.7,5.7,8.3,.680,0.0,0.0,,5.7,8.3,.680,.680,1.7,2.7,.625,3.0,7.3,10.3,1.3,0.7,1.0,1.7,4.7,13.0
141,Treveon Graham\grahatr01,SG,24,CHO,3,0,20.3,2.3,4.3,.538,0.7,2.0,.333,1.7,2.3,.714,.615,0.7,1.3,.500,0.3,1.3,1.7,2.0,0.0,0.0,0.0,2.3,6.0
142,Jerami Grant\grantje01,SF,23,OKC,3,0,17.7,2.0,4.0,.500,0.7,1.7,.400,1.3,2.3,.571,.583,2.0,3.0,.667,1.0,2.0,3.0,0.7,0.3,1.0,1.0,2.0,6.7
143,Jerian Grant\grantje02,PG,25,CHI,2,2,30.0,4.5,11.5,.391,0.0,2.0,.000,4.5,9.5,.474,.391,1.0,1.0,1.000,0.5,2.5,3.0,6.0,1.0,0.5,3.0,1.5,10.0
144,Danny Green\greenda02,SG,30,SAS,3,3,31.7,5.7,13.3,.425,2.3,5.7,.412,3.3,7.7,.435,.513,0.7,1.0,.667,0.3,4.7,5.0,1.7,1.0,2.3,1.0,1.0,14.3
145,Draymond Green\greendr01,PF,27,GSW,4,4,32.0,2.8,7.8,.355,1.0,4.3,.235,1.8,3.5,.500,.419,1.5,1.8,.857,0.5,7.0,7.5,9.0,1.3,0.5,2.8,3.8,8.0
146,JaMychal Green\greenja01,PF,27,MEM,1,1,4.0,1.0,2.0,.500,0.0,0.0,,1.0,2.0,.500,.500,0.0,0.0,,0.0,1.0,1.0,1.0,0.0,0.0,0.0,1.0,2.0
147,Jeff Green\greenje02,PF,31,CLE,3,0,17.7,3.0,7.0,.429,0.0,1.3,.000,3.0,5.7,.529,.429,1.7,2.0,.833,0.7,0.0,0.7,0.7,0.7,0.0,1.3,1.3,7.7
148,Blake Griffin\griffbl01,PF,28,LAC,2,2,30.5,9.5,18.0,.528,3.0,5.5,.545,6.5,12.5,.520,.611,7.0,8.0,.875,1.5,8.5,10.0,3.5,1.5,0.5,3.5,2.0,29.0
149,Tim Hardaway\hardati02,SG,25,NYK,2,2,31.5,3.5,13.0,.269,2.5,8.5,.294,1.0,4.5,.222,.365,1.5,1.5,1.000,0.5,0.0,0.5,1.5,0.0,0.0,2.0,3.5,11.0
150,James Harden\hardeja01,SG,28,HOU,4,4,35.0,9.0,20.8,.434,4.0,11.0,.364,5.0,9.8,.513,.530,4.3,6.0,.708,1.0,3.3,4.3,8.5,1.5,0.0,4.3,3.0,26.3
151,Maurice Harkless\harklma01,SF,24,POR,3,3,27.7,3.3,8.0,.417,1.0,2.3,.429,2.3,5.7,.412,.479,1.0,1.3,.750,1.0,2.7,3.7,0.7,1.3,0.7,1.3,2.7,8.7
152,Montrezl Harrell\harremo01,C,24,LAC,2,0,5.5,2.0,3.0,.667,0.0,0.0,,2.0,3.0,.667,.667,0.0,0.0,,0.5,0.5,1.0,0.5,0.0,0.5,0.5,0.0,4.0
153,Devin Harris\harride01,PG,34,DAL,1,0,16.0,4.0,9.0,.444,1.0,5.0,.200,3.0,4.0,.750,.500,1.0,1.0,1.000,0.0,0.0,0.0,2.0,0.0,0.0,2.0,1.0,10.0
154,Gary Harris\harriga01,SG,23,DEN,3,3,33.0,4.3,8.0,.542,2.0,4.0,.500,2.3,4.0,.583,.667,0.3,0.7,.500,0.3,3.0,3.3,3.3,1.0,0.0,2.7,2.7,11.0
155,Joe Harris\harrijo01,SG,26,BRK,2,0,18.0,3.0,5.5,.545,2.0,3.5,.571,1.0,2.0,.500,.727,0.0,0.0,,0.5,2.5,3.0,1.0,0.5,0.5,0.5,2.0,8.0
156,Tobias Harris\harrito02,PF,25,DET,4,4,34.8,8.5,17.0,.500,2.3,5.8,.391,6.3,11.3,.556,.566,1.8,2.3,.778,1.5,4.3,5.8,1.3,0.3,0.0,0.5,2.3,21.0
157,Andrew Harrison\harrian01,PG,23,MEM,3,3,18.0,1.0,4.0,.250,0.3,1.7,.200,0.7,2.3,.286,.292,1.3,1.3,1.000,0.0,1.3,1.3,1.0,0.0,0.3,0.3,1.3,3.7
158,Josh Hart\hartjo01,G,22,LAL,2,0,8.5,1.0,1.5,.667,0.5,1.0,.500,0.5,0.5,1.000,.833,0.0,0.0,,1.0,1.0,2.0,0.5,0.0,0.0,0.0,0.5,2.5
159,Gordon Hayward\haywago01,SF,27,BOS,1,1,5.0,1.0,2.0,.500,0.0,1.0,.000,1.0,1.0,1.000,.500,0.0,0.0,,0.0,1.0,1.0,0.0,0.0,0.0,0.0,1.0,2.0
160,John Henson\hensojo01,C,27,MIL,4,0,15.5,1.8,2.8,.636,0.0,0.0,,1.8,2.8,.636,.636,1.0,1.5,.667,1.5,3.5,5.0,0.5,0.0,1.8,1.0,2.0,4.5
161,Juan Hernangomez\hernaju01,PF,22,DEN,2,0,6.5,0.0,0.5,.000,0.0,0.5,.000,0.0,0.0,,.000,0.0,0.0,,0.0,0.0,0.0,0.0,0.0,0.0,0.0,0.0,0.0
162,Willy Hernangomez\hernawi01,C,23,NYK,1,0,4.0,1.0,1.0,1.000,0.0,0.0,,1.0,1.0,1.000,1.000,1.0,1.0,1.000,0.0,0.0,0.0,0.0,0.0,1.0,2.0,0.0,3.0
163,Mario Hezonja\hezonma01,SF,22,ORL,2,0,20.5,2.5,5.0,.500,2.0,2.5,.800,0.5,2.5,.200,.700,0.0,0.0,,1.0,3.5,4.5,0.5,1.0,0.0,1.5,3.0,7.0
164,Buddy Hield\hieldbu01,SG,24,SAC,4,4,24.8,4.8,13.3,.358,1.3,5.3,.238,3.5,8.0,.438,.406,1.5,1.8,.857,0.8,3.3,4.0,2.5,1.5,0.0,1.0,2.8,12.3
165,Nene Hilario\hilarne01,C,35,HOU,3,0,14.7,4.3,5.7,.765,0.0,0.0,,4.3,5.7,.765,.765,2.0,2.3,.857,1.0,2.0,3.0,0.7,0.3,0.0,0.7,2.7,10.7
166,George Hill\hillge01,PG,31,SAC,4,4,28.0,4.0,8.3,.485,1.0,2.0,.500,3.0,6.3,.480,.545,1.8,2.3,.778,0.8,2.0,2.8,2.5,1.0,0.0,3.0,1.3,10.8
167,Jrue Holiday\holidjr01,PG,27,NOP,3,3,37.0,4.3,12.7,.342,0.7,4.0,.167,3.7,8.7,.423,.368,1.0,1.3,.750,1.3,4.3,5.7,4.7,2.0,0.0,3.0,4.3,10.3
168,Justin Holiday\holidju01,SG,28,CHI,2,2,35.5,5.0,17.0,.294,3.5,10.0,.350,1.5,7.0,.214,.397,1.5,1.5,1.000,0.5,3.5,4.0,2.5,1.0,0.5,1.5,0.5,15.0
169,Rondae Hollis-Jefferson\holliro01,SF,23,BRK,3,3,24.0,4.0,8.0,.500,0.0,0.3,.000,4.0,7.7,.522,.500,4.7,5.3,.875,1.0,4.0,5.0,1.0,1.7,1.0,0.7,2.3,12.7
170,Rodney Hood\hoodro01,SG,25,UTA,2,1,20.5,4.5,8.0,.563,2.5,5.0,.500,2.0,3.0,.667,.719,1.5,1.5,1.000,0.0,1.5,1.5,2.0,0.5,0.0,1.0,1.5,13.0
171,Al Horford\horfoal01,C,31,BOS,3,3,34.0,4.3,11.3,.382,1.0,3.7,.273,3.3,7.7,.435,.426,3.3,4.0,.833,1.3,6.0,7.3,4.0,1.0,1.3,2.0,2.3,13.0
172,Dwight Howard\howardw01,C,32,CHO,3,3,33.0,5.7,9.0,.630,0.0,0.0,,5.7,9.0,.630,.630,1.3,6.3,.211,4.0,13.3,17.3,0.7,0.3,2.3,3.7,3.7,12.7
173,Josh Huestis\huestjo01,PF,26,OKC,3,0,6.0,0.3,0.7,.500,0.3,0.3,1.000,0.0,0.3,.000,.750,0.0,0.0,,0.3,1.3,1.7,0.3,0.3,0.7,0.3,0.7,1.0
174,Serge Ibaka\ibakase01,PF,28,TOR,3,3,24.7,5.0,10.0,.500,3.0,6.3,.474,2.0,3.7,.545,.650,1.0,1.3,.750,0.3,4.0,4.3,0.7,0.0,1.3,0.7,3.3,14.0
175,Andre Iguodala\iguodan01,SF,34,GSW,3,0,25.3,2.3,5.7,.412,0.3,2.3,.143,2.0,3.3,.600,.441,0.3,0.3,1.000,1.0,3.7,4.7,3.0,0.7,0.3,0.7,1.7,5.3
176,Ersan Ilyasova\ilyaser01,PF,30,ATL,3,3,22.7,1.7,6.0,.278,0.3,3.0,.111,1.3,3.0,.444,.306,1.3,1.3,1.000,1.7,4.7,6.3,0.3,1.3,0.3,0.3,4.3,5.0
177,Joe Ingles\inglejo01,SF,30,UTA,3,3,31.3,5.3,8.7,.615,4.0,6.3,.632,1.3,2.3,.571,.846,0.0,0.0,,0.0,3.7,3.7,3.7,2.0,0.3,1.3,2.7,14.7
178,Brandon Ingram\ingrabr01,SF,20,LAL,3,3,30.7,5.0,12.7,.395,1.0,2.0,.500,4.0,10.7,.375,.434,3.7,5.0,.733,0.0,3.0,3.0,3.0,0.3,0.3,1.3,4.0,14.7
179,Kyrie Irving\irvinky01,PG,25,BOS,3,3,38.0,7.3,19.7,.373,2.3,6.7,.350,5.0,13.0,.385,.432,3.0,3.7,.818,1.7,3.0,4.7,5.7,2.7,0.0,3.3,3.0,20.0
180,Jonathan Isaac\isaacjo01,PF,20,ORL,3,2,20.3,2.7,4.7,.571,0.7,1.7,.400,2.0,3.0,.667,.643,0.0,0.0,,1.3,3.7,5.0,1.0,1.0,1.0,1.7,3.3,6.0
181,Wesley Iwundu\iwundwe01,F,23,ORL,1,0,5.0,0.0,3.0,.000,0.0,0.0,,0.0,3.0,.000,.000,1.0,2.0,.500,0.0,2.0,2.0,0.0,0.0,0.0,1.0,1.0,1.0
182,Demetrius Jackson\jacksde01,PG,23,HOU,3,0,10.3,0.7,2.3,.286,0.0,1.3,.000,0.7,1.0,.667,.286,0.0,0.0,,0.7,2.0,2.7,1.3,0.7,0.3,1.7,1.3,1.3
183,Josh Jackson\jacksjo02,SF,20,PHO,4,3,27.0,4.3,9.5,.447,1.5,3.5,.429,2.8,6.0,.458,.526,2.5,4.8,.526,0.0,2.0,2.0,0.8,1.8,0.0,1.5,2.5,12.5
184,Justin Jackson\jacksju01,SF,22,SAC,4,4,18.5,2.3,5.0,.450,0.8,2.3,.333,1.5,2.8,.545,.525,0.3,0.3,1.000,0.8,1.3,2.0,0.0,0.0,0.0,1.0,1.0,5.5
185,Reggie Jackson\jacksre01,PG,27,DET,4,4,29.0,6.0,15.0,.400,1.0,4.3,.235,5.0,10.8,.465,.433,3.5,3.8,.933,1.0,3.5,4.5,6.8,1.5,0.0,2.0,3.5,16.5
186,LeBron James\jamesle01,PF,33,CLE,3,3,36.7,10.0,16.7,.600,1.3,4.0,.333,8.7,12.7,.684,.640,3.7,4.0,.917,0.7,7.7,8.3,6.3,0.7,1.3,3.3,1.3,25.0
187,Mike James\jamesmi02,PG,27,PHO,4,1,21.0,5.0,9.5,.526,1.3,3.3,.385,3.8,6.3,.600,.592,2.0,2.3,.889,0.3,1.5,1.8,3.8,0.5,0.3,2.0,1.8,13.3
188,Al Jefferson\jeffeal01,C,33,IND,2,0,15.0,5.0,8.0,.625,0.0,0.5,.000,5.0,7.5,.667,.625,1.0,1.5,.667,1.0,4.0,5.0,0.5,0.0,1.0,0.0,1.0,11.0
189,Amir Johnson\johnsam01,C,30,PHI,4,1,14.8,1.3,4.3,.294,0.3,1.0,.250,1.0,3.3,.308,.324,0.8,1.5,.500,1.3,3.3,4.5,0.8,0.3,0.0,0.3,3.5,3.5
190,Brice Johnson\johnsbr02,PF,23,LAC,1,0,6.0,2.0,2.0,1.000,0.0,0.0,,2.0,2.0,1.000,1.000,2.0,2.0,1.000,0.0,4.0,4.0,1.0,0.0,0.0,1.0,3.0,6.0
191,Dakari Johnson\johnsda04,C,22,OKC,1,0,3.0,2.0,3.0,.667,0.0,0.0,,2.0,3.0,.667,.667,0.0,0.0,,3.0,1.0,4.0,0.0,1.0,0.0,0.0,0.0,4.0
192,James Johnson\johnsja01,PF,30,MIA,3,2,25.0,4.7,8.3,.560,0.3,3.0,.111,4.3,5.3,.813,.580,1.3,3.0,.444,1.0,4.0,5.0,7.0,1.3,2.0,3.0,3.0,11.0
193,Joe Johnson\johnsjo02,SF,36,UTA,3,0,20.3,4.0,9.0,.444,0.7,3.0,.222,3.3,6.0,.556,.481,0.7,0.7,1.000,0.7,1.3,2.0,1.3,0.7,0.3,2.0,1.7,9.3
194,Stanley Johnson\johnsst04,SF,21,DET,4,4,27.5,1.5,6.0,.250,0.5,3.0,.167,1.0,3.0,.333,.292,1.8,2.0,.875,0.8,3.0,3.8,1.3,1.3,0.0,0.5,2.8,5.3
195,Tyler Johnson\johnsty01,PG,25,MIA,3,0,24.7,2.7,9.0,.296,0.7,3.7,.182,2.0,5.3,.375,.333,1.3,1.3,1.000,0.7,2.3,3.0,1.0,0.7,0.7,1.3,1.7,7.3
196,Wesley Johnson\johnswe01,SF,30,LAC,2,0,17.0,2.5,5.0,.500,0.5,1.5,.333,2.0,3.5,.571,.550,0.5,1.0,.500,0.5,3.5,4.0,1.5,1.5,0.0,0.0,2.5,6.0
197,Nikola Jokic\jokicni01,C,22,DEN,3,3,33.7,4.0,9.0,.444,1.3,2.7,.500,2.7,6.3,.421,.519,2.7,2.7,1.000,0.7,9.3,10.0,6.7,0.7,0.0,4.7,3.0,12.0
198,Derrick Jones\jonesde02,SF,20,PHO,2,0,8.5,0.0,1.0,.000,0.0,1.0,.000,0.0,0.0,,.000,1.0,1.0,1.000,0.0,0.5,0.5,0.5,0.5,1.0,0.0,0.5,1.0
199,Tyus Jones\jonesty01,PG,21,MIN,3,0,15.7,0.3,1.7,.200,0.0,0.7,.000,0.3,1.0,.333,.200,0.7,1.0,.667,0.0,1.0,1.0,2.0,0.7,0.0,0.7,1.0,1.3
200,DeAndre Jordan\jordade01,C,29,LAC,2,2,29.5,4.0,7.5,.533,0.0,0.0,,4.0,7.5,.533,.533,2.0,2.0,1.000,6.0,12.5,18.5,0.5,0.5,0.0,0.5,3.0,10.0
201,Cory Joseph\josepco01,PG,26,IND,3,0,24.0,3.0,8.3,.360,0.3,0.7,.500,2.7,7.7,.348,.380,2.3,3.0,.778,0.3,2.0,2.3,2.0,1.3,0.3,1.7,1.7,8.7
202,Frank Kaminsky\kaminfr01,C,24,CHO,3,0,30.0,4.7,10.3,.452,1.7,4.7,.357,3.0,5.7,.529,.532,3.3,3.7,.909,0.0,5.0,5.0,2.3,0.3,0.0,1.3,1.0,14.3
203,Enes Kanter\kanteen01,C,25,NYK,2,2,23.0,6.0,10.0,.600,0.0,0.5,.000,6.0,9.5,.632,.600,1.5,1.5,1.000,3.5,5.0,8.5,0.5,1.5,0.0,2.5,1.5,13.5
204,Luke Kennard\kennalu01,G,21,DET,3,0,17.3,2.7,6.0,.444,0.3,2.3,.143,2.3,3.7,.636,.472,0.7,1.3,.500,0.3,1.7,2.0,1.0,0.7,0.0,1.7,1.3,6.3
205,Maxi Kleber\klebima01,F,26,DAL,2,0,9.0,1.5,2.0,.750,0.0,0.5,.000,1.5,1.5,1.000,.750,0.5,1.0,.500,0.0,1.5,1.5,0.5,1.0,0.0,0.0,0.5,3.5
206,Kyle Korver\korveky01,SG,36,CLE,3,0,13.3,2.3,4.3,.538,1.7,2.7,.625,0.7,1.7,.400,.731,0.0,0.0,,0.0,2.0,2.0,0.3,0.3,0.0,0.3,0.7,6.3
207,Kosta Koufos\koufoko01,C,28,SAC,4,0,19.0,1.3,3.5,.357,0.0,0.0,,1.3,3.5,.357,.357,1.0,2.3,.444,2.5,3.3,5.8,0.8,0.5,1.0,0.8,2.3,3.5
208,Kyle Kuzma\kuzmaky01,SF,22,LAL,3,0,26.0,5.7,9.3,.607,1.0,3.3,.300,4.7,6.0,.778,.661,2.0,3.0,.667,1.0,3.3,4.3,1.7,1.0,0.0,0.7,1.7,14.3
209,Skal Labissiere\labissk01,PF,21,SAC,4,1,24.8,5.3,10.0,.525,0.3,0.8,.333,5.0,9.3,.541,.538,1.8,1.8,1.000,1.0,4.8,5.8,1.3,0.5,0.8,2.3,2.0,12.5
210,Jeremy Lamb\lambje01,SG,25,CHO,3,3,33.3,5.3,14.7,.364,0.3,4.3,.077,5.0,10.3,.484,.375,4.7,5.0,.933,1.0,5.0,6.0,1.7,0.3,0.3,2.7,2.7,15.7
211,Shane Larkin\larkish01,G,25,BOS,2,0,12.0,2.0,3.0,.667,1.0,1.5,.667,1.0,1.5,.667,.833,0.0,0.0,,0.0,1.5,1.5,2.0,0.0,0.0,0.5,0.0,5.0
212,Joffrey Lauvergne\lauvejo01,C,26,SAS,3,0,15.7,2.7,7.0,.381,0.0,0.3,.000,2.7,6.7,.400,.381,0.7,1.0,.667,2.0,3.3,5.3,0.7,0.3,0.0,1.0,1.0,6.0
213,Jake Layman\laymaja01,SF,23,POR,2,0,7.0,0.5,2.0,.250,0.5,1.0,.500,0.0,1.0,.000,.375,0.0,0.0,,0.0,0.0,0.0,1.0,1.0,0.0,0.0,1.5,1.5
214,T.J. Leaf\leaftj01,PF,20,IND,3,0,15.3,3.0,5.0,.600,1.0,2.0,.500,2.0,3.0,.667,.700,0.3,0.3,1.000,0.3,2.7,3.0,0.7,0.0,0.3,0.3,2.0,7.3
215,Courtney Lee\leeco01,SG,32,NYK,2,2,30.0,3.0,8.5,.353,0.5,2.0,.250,2.5,6.5,.385,.382,0.0,0.0,,0.0,2.0,2.0,2.0,1.5,0.0,2.5,1.0,6.5
216,Alex Len\lenal01,C,24,PHO,3,0,21.0,1.7,3.7,.455,0.0,0.0,,1.7,3.7,.455,.455,5.3,6.3,.842,1.3,5.7,7.0,1.3,0.0,0.7,2.3,3.3,8.7
217,Meyers Leonard\leoname01,PF,25,POR,1,0,11.0,2.0,4.0,.500,0.0,1.0,.000,2.0,3.0,.667,.500,2.0,4.0,.500,1.0,3.0,4.0,0.0,0.0,0.0,1.0,1.0,6.0
218,Jon Leuer\leuerjo01,PF,28,DET,4,0,21.8,2.3,5.0,.450,0.0,0.8,.000,2.3,4.3,.529,.450,2.0,2.3,.889,0.5,2.0,2.5,0.8,0.0,0.5,0.5,1.8,6.5
219,Caris LeVert\leverca01,SF,23,BRK,3,1,28.3,4.7,11.7,.400,0.3,3.3,.100,4.3,8.3,.520,.414,2.7,4.3,.615,0.0,3.0,3.0,3.3,2.3,0.7,2.7,3.3,12.3
220,DeAndre Liggins\liggide01,SG,29,MIL,2,0,19.5,1.0,3.0,.333,0.5,1.5,.333,0.5,1.5,.333,.417,0.0,0.0,,0.0,1.0,1.0,0.5,0.5,1.0,1.5,1.5,2.5
221,Damian Lillard\lillada01,PG,27,POR,3,3,32.3,7.7,17.0,.451,2.3,4.7,.500,5.3,12.3,.432,.520,6.0,6.3,.947,1.7,4.0,5.7,5.3,2.0,1.3,2.0,2.7,23.7
222,Jeremy Lin\linje01,PG,29,BRK,1,1,25.0,5.0,12.0,.417,1.0,2.0,.500,4.0,10.0,.400,.458,7.0,7.0,1.000,0.0,0.0,0.0,4.0,0.0,0.0,3.0,3.0,18.0
223,Shaun Livingston\livinsh01,PG,32,GSW,4,0,16.5,2.8,5.3,.524,0.0,0.0,,2.8,5.3,.524,.524,0.5,1.0,.500,1.5,1.5,3.0,1.8,0.0,0.0,1.0,1.5,6.0
224,Kevon Looney\looneke01,C,21,GSW,1,0,8.0,0.0,0.0,,0.0,0.0,,0.0,0.0,,,1.0,2.0,.500,0.0,2.0,2.0,0.0,1.0,0.0,0.0,2.0,1.0
225,Brook Lopez\lopezbr01,C,29,LAL,3,3,26.3,5.0,12.7,.395,1.3,4.3,.308,3.7,8.3,.440,.447,4.0,4.7,.857,2.0,5.7,7.7,1.3,1.0,1.0,2.0,3.3,15.3
226,Robin Lopez\lopezro01,C,29,CHI,2,2,30.5,7.0,13.5,.519,0.5,2.0,.250,6.5,11.5,.565,.537,2.5,3.0,.833,3.5,4.0,7.5,2.5,0.5,1.5,2.5,2.0,17.0
227,Kevin Love\loveke01,C,29,CLE,3,3,27.3,5.7,12.7,.447,0.3,4.0,.083,5.3,8.7,.615,.461,5.3,6.0,.889,2.0,8.7,10.7,2.3,0.3,1.0,2.7,2.0,17.0
228,Kyle Lowry\lowryky01,PG,31,TOR,3,3,31.3,4.3,10.0,.433,2.3,7.0,.333,2.0,3.0,.667,.550,1.3,1.7,.800,0.0,3.7,3.7,5.7,0.3,0.0,2.0,2.3,12.3
229,Timothe Luwawu-Cabarrot\luwawti01,SF,22,PHI,4,0,12.8,1.0,4.3,.235,0.5,2.8,.182,0.5,1.5,.333,.294,1.0,1.5,.667,0.8,0.5,1.3,1.0,0.8,0.0,0.8,1.5,3.5
230,Trey Lyles\lylestr01,PF,22,DEN,2,0,2.5,1.0,1.5,.667,0.5,1.0,.500,0.5,0.5,1.000,.833,0.0,0.0,,0.5,0.5,1.0,0.0,0.0,0.0,0.0,0.5,2.5
231,Shelvin Mack\macksh01,PG,27,ORL,2,0,15.5,1.0,3.5,.286,1.0,1.5,.667,0.0,2.0,.000,.429,1.0,1.0,1.000,0.0,1.5,1.5,4.0,1.0,0.0,2.0,0.5,4.0
232,Josh Magette\magetjo01,PG,28,ATL,3,0,4.7,0.3,0.7,.500,0.3,0.3,1.000,0.0,0.3,.000,.750,0.0,0.0,,0.0,0.3,0.3,1.0,0.0,0.0,0.0,1.0,1.0
233,Ian Mahinmi\mahinia01,C,31,WAS,3,0,15.0,2.3,4.0,.583,0.0,0.0,,2.3,4.0,.583,.583,0.3,0.7,.500,2.7,2.3,5.0,1.0,0.7,0.3,1.0,3.3,5.0
234,Thon Maker\makerth01,C,20,MIL,4,4,16.0,1.5,4.8,.316,0.8,2.5,.300,0.8,2.3,.333,.395,0.8,1.0,.750,0.8,1.8,2.5,0.5,1.3,0.5,0.8,3.5,4.5
235,Boban Marjanovic\marjabo01,C,29,DET,1,0,4.0,1.0,3.0,.333,0.0,0.0,,1.0,3.0,.333,.333,0.0,0.0,,0.0,0.0,0.0,0.0,1.0,0.0,0.0,1.0,2.0
236,Lauri Markkanen\markkla01,PF,20,CHI,2,2,35.0,5.0,13.0,.385,2.5,7.0,.357,2.5,6.0,.417,.481,2.5,3.5,.714,1.0,9.0,10.0,0.0,0.5,0.5,3.0,2.5,15.0
237,Jarell Martin\martija01,PF,23,MEM,3,2,23.0,3.0,7.7,.391,0.3,2.0,.167,2.7,5.7,.471,.413,0.7,0.7,1.000,1.7,3.3,5.0,0.3,0.7,0.3,1.3,3.7,7.0
238,Frank Mason\masonfr01,G,23,SAC,1,0,17.0,2.0,9.0,.222,1.0,2.0,.500,1.0,7.0,.143,.278,2.0,3.0,.667,1.0,1.0,2.0,1.0,0.0,0.0,1.0,0.0,7.0
239,Wesley Matthews\matthwe02,SG,31,DAL,4,4,33.8,3.8,10.8,.349,2.5,7.3,.345,1.3,3.5,.357,.465,1.3,1.5,.833,0.8,3.0,3.8,2.8,1.8,0.3,2.8,1.8,11.3
240,Luc Mbah a Moute\mbahalu01,PF,31,HOU,4,0,25.5,2.8,5.8,.478,0.5,2.5,.200,2.3,3.3,.692,.522,2.0,2.5,.800,0.8,3.0,3.8,0.3,0.8,0.0,2.0,1.5,8.0
241,Patrick McCaw\mccawpa01,SG,22,GSW,3,0,12.7,0.7,1.7,.400,0.0,0.3,.000,0.7,1.3,.500,.400,0.0,0.0,,0.3,1.0,1.3,1.0,0.7,0.3,0.3,0.7,1.3
242,C.J. McCollum\mccolcj01,SG,26,POR,2,2,34.5,10.5,18.0,.583,3.0,5.0,.600,7.5,13.0,.577,.667,3.0,3.5,.857,0.0,5.0,5.0,1.0,1.5,0.5,1.0,2.0,27.0
243,T.J. McConnell\mccontj01,PG,25,PHI,4,0,15.3,1.3,3.3,.385,0.3,0.8,.333,1.0,2.5,.400,.423,0.5,0.5,1.000,0.3,1.0,1.3,2.8,0.8,0.0,1.8,3.0,3.3
244,Doug McDermott\mcderdo01,SF,26,NYK,2,0,26.0,2.0,5.0,.400,0.5,2.5,.200,1.5,2.5,.600,.450,0.0,0.0,,1.0,2.0,3.0,2.5,0.5,1.0,0.5,1.0,4.5
245,JaVale McGee\mcgeeja01,C,30,GSW,3,0,8.0,1.0,1.7,.600,0.0,0.0,,1.0,1.7,.600,.600,2.0,2.7,.750,0.3,2.3,2.7,1.0,0.0,0.3,0.3,2.0,4.0
246,Alfonzo McKinnie\mckinal01,SF,25,TOR,1,0,1.0,0.0,0.0,,0.0,0.0,,0.0,0.0,,,0.0,0.0,,0.0,0.0,0.0,0.0,0.0,0.0,0.0,0.0,0.0
247,Jodie Meeks\meeksjo01,SG,30,WAS,3,0,16.7,2.0,6.7,.300,1.3,3.7,.364,0.7,3.0,.222,.400,4.0,4.0,1.000,0.0,1.0,1.0,0.0,0.3,0.0,0.7,0.0,9.3
248,Salah Mejri\mejrisa01,C,31,DAL,1,0,13.0,2.0,2.0,1.000,0.0,0.0,,2.0,2.0,1.000,1.000,0.0,0.0,,0.0,3.0,3.0,0.0,0.0,3.0,1.0,0.0,4.0
249,Jordan Mickey\mickejo01,PF,23,MIA,2,2,14.0,2.5,4.5,.556,0.0,0.5,.000,2.5,4.0,.625,.556,0.0,0.5,.000,1.5,4.5,6.0,0.0,0.0,1.0,1.0,2.5,5.0
250,Khris Middleton\middlkh01,SF,26,MIL,4,4,35.8,5.8,14.8,.390,0.5,4.0,.125,5.3,10.8,.488,.407,3.3,3.3,1.000,0.5,5.5,6.0,4.3,0.8,0.3,3.0,4.0,15.3
251,C.J. Miles\milescj01,SF,30,TOR,3,0,20.7,4.3,9.3,.464,3.3,7.3,.455,1.0,2.0,.500,.643,1.3,1.3,1.000,0.0,3.3,3.3,0.7,0.0,0.0,1.0,3.7,13.3
252,Darius Miller\milleda01,F,27,NOP,3,0,16.7,1.3,4.3,.308,0.7,3.0,.222,0.7,1.3,.500,.385,0.0,0.0,,0.0,0.7,0.7,0.7,0.3,0.3,0.7,1.7,3.3
253,Patty Mills\millspa02,PG,29,SAS,3,0,21.7,1.7,4.0,.417,0.3,1.7,.200,1.3,2.3,.571,.458,0.0,0.0,,0.0,1.3,1.3,2.3,0.7,0.3,1.7,2.7,3.7
254,Paul Millsap\millspa01,PF,32,DEN,3,3,31.0,7.0,13.7,.512,1.0,3.0,.333,6.0,10.7,.563,.549,3.0,3.7,.818,1.7,6.0,7.7,1.0,0.0,0.3,3.3,2.0,18.0
255,Donovan Mitchell\mitchdo01,SG,21,UTA,3,2,22.7,1.7,8.3,.200,0.0,2.3,.000,1.7,6.0,.278,.200,1.3,1.7,.800,0.0,1.0,1.0,4.0,0.3,1.0,1.3,2.3,4.7
256,Malik Monk\monkma01,SG,19,CHO,3,0,19.3,1.3,7.3,.182,1.0,4.7,.214,0.3,2.7,.125,.250,0.7,0.7,1.000,0.0,1.3,1.3,0.7,0.0,0.0,2.3,1.3,4.3
257,Greg Monroe\monrogr01,C,27,MIL,4,0,15.5,3.0,6.3,.480,0.0,0.0,,3.0,6.3,.480,.480,0.5,1.0,.500,1.5,3.3,4.8,1.0,0.0,0.0,0.8,1.3,6.5
258,E'Twaun Moore\mooreet01,SG,28,NOP,3,3,31.0,4.3,8.3,.520,1.0,3.0,.333,3.3,5.3,.625,.580,0.3,0.7,.500,1.3,0.7,2.0,2.3,0.3,0.0,1.0,3.0,10.0
259,Eric Moreland\moreler01,F-C,26,DET,2,0,12.0,0.0,0.0,,0.0,0.0,,0.0,0.0,,,0.0,0.0,,0.0,2.0,2.0,0.0,1.5,0.0,1.0,2.5,0.0
260,Timofey Mozgov\mozgoti01,C,31,BRK,3,3,16.0,2.3,4.7,.500,0.0,0.7,.000,2.3,4.0,.583,.500,0.0,0.0,,2.0,2.7,4.7,0.3,0.0,0.0,1.0,0.3,4.7
261,Emmanuel Mudiay\mudiaem01,PG,21,DEN,3,0,22.0,4.0,9.3,.429,1.3,2.7,.500,2.7,6.7,.400,.500,1.7,2.7,.625,0.0,4.0,4.0,2.3,0.3,0.0,2.3,2.7,11.0
262,Shabazz Muhammad\muhamsh01,SF,25,MIN,3,0,11.3,1.0,3.3,.300,0.0,0.3,.000,1.0,3.0,.333,.300,0.0,0.0,,0.7,0.7,1.3,0.3,0.0,0.3,0.0,1.3,2.0
263,Dejounte Murray\murrade01,PG,21,SAS,3,3,26.7,5.7,10.0,.567,0.0,0.7,.000,5.7,9.3,.607,.567,2.0,2.7,.750,2.7,7.0,9.7,4.7,1.3,0.3,2.3,2.0,13.3
264,Jamal Murray\murraja01,PG,20,DEN,3,3,23.0,2.3,9.0,.259,0.7,4.7,.143,1.7,4.3,.385,.296,0.7,0.7,1.000,0.7,1.7,2.3,3.3,0.3,0.3,1.7,2.0,6.0
265,Mike Muscala\muscami01,C,26,ATL,4,1,20.0,2.5,5.5,.455,0.5,2.0,.250,2.0,3.5,.571,.500,1.0,1.3,.800,1.8,2.8,4.5,0.8,0.3,0.0,1.0,1.8,6.5
266,Abdel Nader\naderab01,SF,24,BOS,2,0,9.0,1.0,3.0,.333,0.0,1.0,.000,1.0,2.0,.500,.333,0.0,0.0,,0.0,1.0,1.0,0.5,0.0,0.0,0.0,1.0,2.0
267,Larry Nance\nancela02,PF,25,LAL,3,3,22.0,5.0,9.0,.556,0.0,0.3,.000,5.0,8.7,.577,.556,1.3,2.0,.667,2.0,5.0,7.0,0.3,1.0,1.0,2.3,3.7,11.3
268,Shabazz Napier\napiesh01,PG,26,POR,3,0,10.3,2.0,3.0,.667,0.7,1.0,.667,1.3,2.0,.667,.778,0.3,0.7,.500,0.3,1.0,1.3,1.0,0.7,0.0,0.3,1.0,5.0
269,Jameer Nelson\nelsoja01,PG,35,NOP,1,0,24.0,2.0,4.0,.500,1.0,3.0,.333,1.0,1.0,1.000,.625,0.0,0.0,,0.0,1.0,1.0,5.0,1.0,0.0,1.0,1.0,5.0
270,Raul Neto\netora01,PG,25,UTA,1,0,11.0,2.0,2.0,1.000,0.0,0.0,,2.0,2.0,1.000,1.000,0.0,0.0,,0.0,1.0,1.0,1.0,1.0,0.0,2.0,1.0,4.0
271,Nerlens Noel\noelne01,C,23,DAL,4,1,18.5,3.3,4.5,.722,0.0,0.0,,3.3,4.5,.722,.722,2.3,3.0,.750,1.5,5.8,7.3,0.0,1.5,1.3,0.8,2.0,8.8
272,Lucas Nogueira\noguelu01,C,25,TOR,2,1,18.0,3.0,5.5,.545,0.0,1.0,.000,3.0,4.5,.667,.545,1.0,1.0,1.000,2.0,5.5,7.5,0.0,2.0,1.0,0.5,2.0,7.0
273,Dirk Nowitzki\nowitdi01,C,39,DAL,4,4,25.3,3.3,10.8,.302,1.0,3.3,.308,2.3,7.5,.300,.349,0.8,1.3,.600,1.0,5.8,6.8,1.3,0.3,0.0,0.8,2.0,8.3
274,Frank Ntilikina\ntilila01,PG,19,NYK,1,0,8.0,0.0,2.0,.000,0.0,0.0,,0.0,2.0,.000,.000,0.0,0.0,,0.0,0.0,0.0,1.0,0.0,0.0,1.0,2.0,0.0
275,Jusuf Nurkic\nurkiju01,C,23,POR,3,3,27.0,4.3,12.3,.351,0.0,0.7,.000,4.3,11.7,.371,.351,4.3,6.0,.722,2.0,6.0,8.0,2.3,0.7,1.3,4.3,3.0,13.0
276,David Nwaba\nwabada01,SG,25,CHI,2,0,15.5,1.0,1.5,.667,0.0,0.5,.000,1.0,1.0,1.000,.667,2.5,3.0,.833,0.0,4.5,4.5,1.5,0.0,0.5,0.5,0.5,4.5
277,Johnny O'Bryant\obryajo01,PF,24,CHO,2,0,14.0,3.0,6.5,.462,0.0,0.5,.000,3.0,6.0,.500,.462,4.0,4.0,1.000,2.5,2.5,5.0,0.5,0.5,1.0,0.5,1.5,10.0
278,Royce O'Neale\onealro01,F,24,UTA,1,0,1.0,0.0,0.0,,0.0,0.0,,0.0,0.0,,,0.0,0.0,,0.0,1.0,1.0,0.0,0.0,0.0,0.0,1.0,0.0
279,Kyle O'Quinn\oquinky01,C,27,NYK,2,0,23.0,4.0,6.0,.667,0.0,0.5,.000,4.0,5.5,.727,.667,2.5,2.5,1.000,3.0,5.5,8.5,2.5,0.5,0.0,1.5,3.5,10.5
280,Semi Ojeleye\ojelese01,PF,23,BOS,2,0,10.0,0.5,2.0,.250,0.5,1.5,.333,0.0,0.5,.000,.375,0.0,0.0,,0.0,0.5,0.5,0.0,0.0,0.0,0.5,0.5,1.5
281,Jahlil Okafor\okafoja01,C,22,PHI,1,0,22.0,4.0,7.0,.571,0.0,0.0,,4.0,7.0,.571,.571,2.0,4.0,.500,4.0,5.0,9.0,0.0,0.0,2.0,2.0,4.0,10.0
282,Victor Oladipo\oladivi01,SG,25,IND,3,3,31.3,7.0,17.3,.404,2.0,5.7,.353,5.0,11.7,.429,.462,6.3,7.7,.826,0.7,4.3,5.0,3.7,2.7,0.7,2.3,3.3,22.3
283,Kelly Olynyk\olynyke01,PF,26,MIA,3,1,25.7,4.0,8.3,.480,1.7,3.3,.500,2.3,5.0,.467,.580,1.3,2.0,.667,1.0,7.0,8.0,3.7,1.3,0.7,2.3,3.3,11.0
284,Cedi Osman\osmande01,F,22,CLE,2,0,5.0,0.0,0.5,.000,0.0,0.0,,0.0,0.5,.000,.000,0.0,0.0,,0.0,0.0,0.0,0.5,0.0,0.0,0.0,1.0,0.0
285,Kelly Oubre\oubreke01,SF,22,WAS,3,2,35.3,3.7,8.3,.440,1.7,4.3,.385,2.0,4.0,.500,.540,1.7,2.3,.714,1.0,5.3,6.3,1.0,2.0,1.0,0.7,2.3,10.7
286,Zaza Pachulia\pachuza01,C,33,GSW,4,4,14.3,1.5,3.3,.462,0.0,0.0,,1.5,3.3,.462,.462,1.0,1.0,1.000,2.0,4.3,6.3,0.0,0.8,0.3,1.3,3.3,4.0
287,Chandler Parsons\parsoch01,SF,29,MEM,3,0,15.3,2.0,4.3,.462,1.3,2.3,.571,0.7,2.0,.333,.615,1.0,2.3,.429,0.7,2.0,2.7,0.3,0.3,0.0,0.3,1.7,6.3
288,Patrick Patterson\pattepa01,PF,28,OKC,3,0,8.3,0.0,2.0,.000,0.0,1.7,.000,0.0,0.3,.000,.000,0.0,0.0,,0.0,1.3,1.3,0.0,0.3,0.3,0.7,0.7,0.0
289,Brandon Paul\paulbr01,SG,26,SAS,3,0,2.7,0.0,0.0,,0.0,0.0,,0.0,0.0,,,0.0,0.0,,0.0,0.0,0.0,0.7,0.0,0.0,0.0,0.7,0.0
290,Chris Paul\paulch01,PG,32,HOU,1,1,33.0,2.0,9.0,.222,0.0,4.0,.000,2.0,5.0,.400,.222,0.0,0.0,,1.0,7.0,8.0,11.0,2.0,1.0,1.0,4.0,4.0
291,Elfrid Payton\paytoel01,PG,23,ORL,2,2,23.0,4.0,9.0,.444,0.5,1.0,.500,3.5,8.0,.438,.472,0.0,1.0,.000,0.0,2.0,2.0,6.5,2.0,0.5,3.0,1.0,8.5
292,Gary Payton\paytoga02,G,25,MIL,1,0,3.0,0.0,1.0,.000,0.0,1.0,.000,0.0,0.0,,.000,0.0,0.0,,0.0,0.0,0.0,0.0,0.0,0.0,0.0,1.0,0.0
293,Alec Peters\peteral01,PF,22,PHO,2,0,7.0,0.5,2.0,.250,0.5,2.0,.250,0.0,0.0,,.375,0.0,0.0,,0.0,1.5,1.5,0.0,0.0,1.0,0.0,0.5,1.5
294,Mason Plumlee\plumlma01,C,27,DEN,3,0,13.0,2.3,4.7,.500,0.0,0.0,,2.3,4.7,.500,.500,1.0,2.0,.500,1.7,1.0,2.7,0.7,0.3,0.7,1.3,1.7,5.7
295,Jakob Poeltl\poeltja01,C,22,TOR,3,0,20.0,3.7,4.7,.786,0.0,0.0,,3.7,4.7,.786,.786,1.3,2.3,.571,2.0,5.3,7.3,0.0,1.0,2.0,2.3,1.7,8.7
296,Quincy Pondexter\pondequ01,SF,29,CHI,1,0,12.0,4.0,6.0,.667,0.0,1.0,.000,4.0,5.0,.800,.667,0.0,0.0,,2.0,0.0,2.0,0.0,2.0,0.0,1.0,3.0,8.0
297,Otto Porter\porteot01,SF,24,WAS,3,3,34.3,7.3,14.3,.512,1.7,4.3,.385,5.7,10.0,.567,.570,2.0,2.0,1.000,2.0,7.0,9.0,2.0,3.7,1.0,0.7,2.3,18.3
298,Kristaps Porzingis\porzikr01,PF,22,NYK,2,2,36.5,11.0,22.5,.489,2.5,6.5,.385,8.5,16.0,.531,.544,7.5,9.5,.789,1.5,7.0,8.5,1.5,0.5,1.0,2.0,3.0,32.0
299,Dwight Powell\poweldw01,C,26,DAL,4,0,15.8,2.3,5.8,.391,1.3,2.8,.455,1.0,3.0,.333,.500,0.5,0.5,1.000,1.0,1.8,2.8,0.8,0.5,0.3,0.8,1.8,6.3
300,Norman Powell\powelno01,SG,24,TOR,3,3,21.3,2.3,7.0,.333,1.0,3.3,.300,1.3,3.7,.364,.405,2.0,2.0,1.000,0.3,2.3,2.7,2.3,1.3,0.3,1.7,3.0,7.7
301,Alex Poythress\poythal01,PF,24,IND,1,0,4.0,0.0,0.0,,0.0,0.0,,0.0,0.0,,,0.0,0.0,,0.0,1.0,1.0,0.0,0.0,0.0,0.0,0.0,0.0
302,Zhou Qi\qizh01,F-C,22,HOU,1,0,7.0,0.0,1.0,.000,0.0,1.0,.000,0.0,0.0,,.000,0.0,0.0,,0.0,3.0,3.0,0.0,0.0,1.0,1.0,1.0,0.0
303,Julius Randle\randlju01,PF,23,LAL,3,0,18.3,3.7,6.0,.611,0.0,0.3,.000,3.7,5.7,.647,.611,2.0,3.7,.545,1.0,2.0,3.0,1.0,0.3,1.0,2.3,3.0,9.3
304,Zach Randolph\randoza01,PF,36,SAC,3,3,22.0,3.3,10.7,.313,0.7,1.7,.400,2.7,9.0,.296,.344,0.7,1.3,.500,2.7,3.7,6.3,0.7,1.3,0.0,1.3,2.7,8.0
305,J.J. Redick\redicjj01,SG,33,PHI,4,4,32.0,4.0,10.8,.372,2.0,5.0,.400,2.0,5.8,.348,.465,1.0,1.0,1.000,0.0,2.8,2.8,3.0,0.8,0.0,1.5,1.8,11.0
306,Willie Reed\reedwi02,C,27,LAC,2,0,13.0,4.5,6.0,.750,0.0,0.0,,4.5,6.0,.750,.750,1.0,1.0,1.000,1.5,3.0,4.5,0.0,0.5,0.0,0.5,3.0,10.0
307,Josh Richardson\richajo01,SF,24,MIA,3,3,36.7,5.3,11.3,.471,2.7,7.0,.381,2.7,4.3,.615,.588,1.0,1.7,.600,0.7,4.0,4.7,2.7,0.7,1.3,2.0,3.0,14.3
308,Malachi Richardson\richama01,SG,22,SAC,2,0,10.0,1.0,3.5,.286,1.0,1.5,.667,0.0,2.0,.000,.429,1.0,1.0,1.000,0.0,0.5,0.5,0.5,0.0,0.0,0.0,1.0,4.0
309,Austin Rivers\riverau01,SG,25,LAC,2,0,29.5,1.5,9.0,.167,0.0,2.5,.000,1.5,6.5,.231,.167,0.5,2.0,.250,0.5,1.0,1.5,3.0,1.5,0.0,1.5,3.0,3.5
310,Andre Roberson\roberan03,SF,26,OKC,3,3,19.0,1.3,4.0,.333,0.3,1.7,.200,1.0,2.3,.429,.375,0.0,0.7,.000,1.0,2.0,3.0,0.7,0.3,0.0,0.3,0.7,3.0
311,Derrick Rose\rosede01,PG,29,CLE,2,2,27.0,4.0,9.0,.444,0.5,1.5,.333,3.5,7.5,.467,.472,4.5,5.0,.900,1.0,2.0,3.0,1.5,1.0,0.0,1.5,1.0,13.0
312,Terrence Ross\rosste01,SG,26,ORL,3,3,28.0,3.3,10.3,.323,1.7,5.3,.313,1.7,5.0,.333,.403,1.3,1.7,.800,1.0,4.0,5.0,2.7,1.0,0.3,0.7,1.3,9.7
313,Terry Rozier\roziete01,PG,23,BOS,3,0,25.7,4.7,9.7,.483,2.0,4.7,.429,2.7,5.0,.533,.586,1.3,2.3,.571,0.3,5.3,5.7,3.3,2.0,0.0,0.7,2.0,12.7
314,Ricky Rubio\rubiori01,PG,27,UTA,3,3,33.7,4.0,11.0,.364,1.3,5.3,.250,2.7,5.7,.471,.424,5.3,6.0,.889,0.3,5.0,5.3,8.3,1.7,0.0,4.3,3.0,14.7
315,D'Angelo Russell\russeda01,PG,21,BRK,3,3,28.3,8.7,17.0,.510,1.7,4.7,.357,7.0,12.3,.568,.559,2.0,2.7,.750,1.0,3.3,4.3,7.0,1.7,0.0,4.7,3.3,21.0
316,Domantas Sabonis\sabondo01,PF,21,IND,3,2,26.3,4.7,7.3,.636,0.0,0.7,.000,4.7,6.7,.700,.636,3.0,5.0,.600,3.0,6.0,9.0,1.3,0.3,0.7,2.0,3.7,12.3
317,JaKarr Sampson\sampsja02,G-F,24,SAC,1,0,6.0,1.0,2.0,.500,0.0,0.0,,1.0,2.0,.500,.500,0.0,0.0,,1.0,0.0,1.0,0.0,0.0,0.0,0.0,2.0,2.0
318,Dario Saric\saricda01,PF,23,PHI,4,0,22.5,2.8,8.0,.344,0.8,3.3,.231,2.0,4.8,.421,.391,0.8,1.3,.600,1.5,3.8,5.3,1.5,0.0,0.5,2.0,3.3,7.0
319,Tomas Satoransky\satorto01,G,26,WAS,1,0,5.0,2.0,2.0,1.000,1.0,1.0,1.000,1.0,1.0,1.000,1.250,0.0,0.0,,0.0,1.0,1.0,0.0,0.0,0.0,0.0,0.0,5.0
320,Dennis Schroder\schrode01,PG,24,ATL,3,3,32.3,9.7,23.0,.420,0.3,3.0,.111,9.3,20.0,.467,.428,3.7,4.0,.917,1.3,1.7,3.0,6.7,1.7,0.0,2.3,2.0,23.3
321,Mike Scott\scottmi01,PF,29,WAS,3,0,17.7,2.3,5.0,.467,0.3,1.7,.200,2.0,3.3,.600,.500,0.7,0.7,1.000,0.0,1.0,1.0,0.7,0.0,0.3,1.0,0.7,5.7
322,Thabo Sefolosha\sefolth01,SF,33,UTA,3,0,24.3,3.0,6.0,.500,0.3,2.3,.143,2.7,3.7,.727,.528,0.3,0.3,1.000,0.0,3.7,3.7,1.0,2.0,0.0,0.7,1.0,6.7
323,Ramon Sessions\sessira01,PG,31,NYK,2,2,26.5,1.5,5.5,.273,0.5,3.0,.167,1.0,2.5,.400,.318,3.0,4.0,.750,0.5,4.0,4.5,3.0,0.5,0.5,2.0,4.0,6.5
324,Iman Shumpert\shumpim01,SG,27,CLE,3,0,19.0,2.3,6.0,.389,1.3,2.0,.667,1.0,4.0,.250,.500,2.3,3.3,.700,1.0,2.7,3.7,1.0,0.7,0.3,1.0,1.7,8.3
325,Pascal Siakam\siakapa01,PF,23,TOR,2,0,6.5,0.5,2.5,.200,0.0,1.0,.000,0.5,1.5,.333,.200,1.0,1.0,1.000,1.0,2.0,3.0,1.0,0.5,0.0,0.0,0.5,2.0
326,Ben Simmons\simmobe01,PG,21,PHI,4,4,34.8,6.5,13.3,.491,0.0,0.5,.000,6.5,12.8,.510,.491,4.0,6.5,.615,2.3,8.5,10.8,7.0,1.0,0.3,3.0,1.8,17.0
327,Jonathon Simmons\simmojo02,SG,28,ORL,3,0,23.3,4.7,9.0,.519,1.7,3.0,.556,3.0,6.0,.500,.611,2.7,2.7,1.000,0.7,1.7,2.3,0.7,0.3,0.0,1.7,3.3,13.7
328,Marcus Smart\smartma01,SG,23,BOS,2,1,33.5,4.5,14.5,.310,1.5,5.5,.273,3.0,9.0,.333,.362,1.5,4.5,.333,1.5,6.5,8.0,3.5,2.5,1.0,2.5,3.0,12.0
329,Dennis Smith\smithde03,PG,20,DAL,2,2,30.0,4.5,11.5,.391,0.5,3.0,.167,4.0,8.5,.471,.413,3.5,7.0,.500,2.0,2.5,4.5,5.5,1.0,0.0,2.0,2.5,13.0
330,Ish Smith\smithis01,PG,29,DET,4,0,19.0,3.8,9.3,.405,0.0,1.3,.000,3.8,8.0,.469,.405,0.0,0.5,.000,0.8,1.3,2.0,3.5,1.0,0.3,2.8,2.5,7.5
331,J.R. Smith\smithjr01,SG,32,CLE,3,0,21.7,2.7,8.0,.333,0.7,4.3,.154,2.0,3.7,.545,.375,0.3,0.3,1.000,0.0,2.7,2.7,1.3,0.0,0.0,1.0,2.3,6.3
332,Jason Smith\smithja02,C,31,WAS,1,1,7.0,0.0,1.0,.000,0.0,1.0,.000,0.0,0.0,,.000,0.0,0.0,,1.0,0.0,1.0,0.0,0.0,0.0,0.0,1.0,0.0
333,Tony Snell\snellto01,SG,26,MIL,4,4,33.3,4.0,6.8,.593,1.8,3.8,.467,2.3,3.0,.750,.722,1.3,1.3,1.000,0.3,2.3,2.5,1.8,1.0,0.0,0.8,2.3,11.0
334,Marreese Speights\speigma01,C,30,ORL,2,0,10.5,2.5,6.0,.417,1.5,3.5,.429,1.0,2.5,.400,.542,0.0,0.0,,1.5,2.0,3.5,0.0,0.0,0.0,0.5,1.0,6.5
335,Nik Stauskas\stausni01,SG,24,PHI,1,0,8.0,0.0,1.0,.000,0.0,0.0,,0.0,1.0,.000,.000,0.0,0.0,,0.0,0.0,0.0,0.0,1.0,0.0,1.0,0.0,0.0
336,Lance Stephenson\stephla01,SG,27,IND,3,0,20.7,3.0,11.0,.273,0.7,4.3,.154,2.3,6.7,.350,.303,1.3,3.3,.400,0.3,1.3,1.7,2.0,0.7,0.3,1.0,2.0,8.0
337,Julyan Stone\stoneju01,G,29,CHO,2,0,9.0,1.0,2.0,.500,1.0,2.0,.500,0.0,0.0,,.750,0.0,0.0,,0.0,2.5,2.5,1.0,1.0,0.0,1.0,1.5,3.0
338,Caleb Swanigan\swanica01,PF,20,POR,2,0,13.0,1.5,5.5,.273,0.5,0.5,1.000,1.0,5.0,.200,.318,1.5,1.5,1.000,0.5,1.5,2.0,1.5,0.5,0.0,1.5,2.0,5.0
339,Jayson Tatum\tatumja01,PF,19,BOS,3,3,35.3,3.7,9.0,.407,0.3,1.7,.200,3.3,7.3,.455,.426,4.7,5.7,.824,2.7,6.3,9.0,1.7,0.3,1.0,2.0,3.3,12.3
340,Isaiah Taylor\taylois01,PG,23,ATL,2,0,7.0,0.5,1.0,.500,0.0,0.5,.000,0.5,0.5,1.000,.500,1.0,1.0,1.000,0.0,0.5,0.5,1.0,0.0,0.0,0.5,0.5,2.0
341,Jeff Teague\teaguje01,PG,29,MIN,3,3,32.3,3.7,8.7,.423,0.7,2.0,.333,3.0,6.7,.450,.462,5.3,5.7,.941,0.3,3.0,3.3,6.3,1.3,0.3,2.3,1.7,13.3
342,Mirza Teletovic\teletmi01,PF,32,MIL,4,0,15.0,2.3,5.0,.450,2.3,4.8,.474,0.0,0.3,.000,.675,0.0,0.0,,0.0,2.3,2.3,0.3,0.3,0.3,0.3,1.0,6.8
343,Garrett Temple\templga01,SG,31,SAC,4,0,24.8,3.3,7.3,.448,2.5,5.0,.500,0.8,2.3,.333,.621,1.0,1.5,.667,0.5,2.0,2.5,2.3,1.8,0.3,1.0,1.5,10.0
344,Milos Teodosic\teodomi01,PG,30,LAC,2,2,16.0,2.0,6.0,.333,1.5,3.5,.429,0.5,2.5,.200,.458,0.0,0.0,,0.0,0.5,0.5,4.0,0.0,0.5,1.5,1.5,5.5
345,Jason Terry\terryja01,SG,40,MIL,2,0,10.5,0.0,2.0,.000,0.0,1.5,.000,0.0,0.5,.000,.000,1.0,1.0,1.000,0.0,1.0,1.0,1.5,1.0,0.0,0.0,0.0,1.0
346,Daniel Theis\theisda01,C,25,BOS,2,0,7.5,1.0,2.0,.500,0.0,0.5,.000,1.0,1.5,.667,.500,1.0,1.0,1.000,1.5,1.0,2.5,0.5,0.0,0.5,1.0,1.5,3.0
347,Lance Thomas\thomala01,PF,29,NYK,1,0,16.0,1.0,4.0,.250,0.0,2.0,.000,1.0,2.0,.500,.250,0.0,0.0,,2.0,1.0,3.0,1.0,0.0,0.0,2.0,4.0,2.0
348,Klay Thompson\thompkl01,SG,27,GSW,4,4,35.3,8.0,16.3,.492,4.0,9.0,.444,4.0,7.3,.552,.615,0.5,0.5,1.000,0.5,3.5,4.0,2.5,0.5,1.3,1.0,2.5,20.5
349,Tristan Thompson\thomptr01,C,26,CLE,3,0,23.3,2.7,4.3,.615,0.0,0.0,,2.7,4.3,.615,.615,0.3,1.0,.333,2.7,5.0,7.7,1.0,0.0,0.3,1.0,1.3,5.7
350,Sindarius Thornwell\thornsi01,SG,23,LAC,2,0,5.0,2.0,3.0,.667,0.5,0.5,1.000,1.5,2.5,.600,.750,1.0,1.0,1.000,0.0,0.0,0.0,0.5,1.0,0.0,0.5,1.5,5.5
351,Anthony Tolliver\tollian01,PF,32,DET,2,0,20.0,2.5,7.5,.333,2.0,6.5,.308,0.5,1.0,.500,.467,0.0,0.0,,0.5,2.5,3.0,1.0,0.0,0.5,0.0,1.5,7.0
352,Karl-Anthony Towns\townska01,C,22,MIN,3,3,34.3,8.7,14.7,.591,0.7,3.0,.222,8.0,11.7,.686,.614,3.7,4.3,.846,2.0,9.7,11.7,1.0,1.0,1.3,2.3,4.0,21.7
353,P.J. Tucker\tuckepj01,SF,32,HOU,4,0,28.3,2.5,6.0,.417,2.0,5.0,.400,0.5,1.0,.500,.583,1.0,1.5,.667,1.5,3.5,5.0,1.3,1.0,0.3,1.8,2.8,8.0
354,Evan Turner\turneev01,SF,29,POR,3,1,30.0,4.7,9.0,.519,1.0,2.3,.429,3.7,6.7,.550,.574,3.0,3.3,.900,0.7,2.0,2.7,4.3,0.7,0.7,1.3,3.0,13.3
355,Myles Turner\turnemy01,C,21,IND,1,1,34.0,8.0,13.0,.615,1.0,3.0,.333,7.0,10.0,.700,.654,4.0,4.0,1.000,3.0,11.0,14.0,2.0,0.0,4.0,1.0,3.0,21.0
356,Ekpe Udoh\udohek01,C-F,30,UTA,3,0,14.7,0.7,2.0,.333,0.0,0.0,,0.7,2.0,.333,.333,1.0,1.7,.600,1.7,1.7,3.3,0.3,0.0,2.3,0.3,1.0,2.3
357,Tyler Ulis\ulisty01,PG,22,PHO,3,0,14.7,1.3,4.3,.308,0.0,1.3,.000,1.3,3.0,.444,.308,2.0,2.7,.750,0.0,0.7,0.7,1.7,0.7,0.0,1.3,1.0,4.7
358,Jonas Valanciunas\valanjo01,C,25,TOR,2,2,23.0,5.5,10.5,.524,0.0,0.5,.000,5.5,10.0,.550,.524,3.0,4.0,.750,4.0,5.5,9.5,1.0,1.0,0.0,0.5,3.0,14.0
359,Denzel Valentine\valende01,SG,24,CHI,2,0,26.0,3.0,8.5,.353,2.0,5.0,.400,1.0,3.5,.286,.471,0.0,0.0,,0.0,3.5,3.5,0.0,0.0,0.0,1.0,2.0,8.0
360,Fred VanVleet\vanvlfr01,PG,23,TOR,3,0,14.0,1.3,5.3,.250,0.7,2.7,.250,0.7,2.7,.250,.313,0.7,0.7,1.000,0.0,0.3,0.3,2.0,0.7,0.3,1.3,1.3,4.0
361,Rashad Vaughn\vaughra01,SG,21,MIL,2,0,2.5,0.0,0.5,.000,0.0,0.5,.000,0.0,0.0,,.000,0.0,0.0,,0.0,0.0,0.0,0.0,0.0,0.0,0.0,0.0,0.0
362,Nikola Vucevic\vucevni01,C,27,ORL,3,3,31.7,11.3,16.7,.680,2.3,4.7,.500,9.0,12.0,.750,.750,2.7,3.3,.800,1.3,9.3,10.7,3.0,1.0,1.7,1.7,2.7,27.7
363,Dwyane Wade\wadedw01,SG,36,CLE,3,3,23.7,2.3,8.3,.280,0.3,1.0,.333,2.0,7.3,.273,.300,0.7,0.7,1.000,0.7,1.3,2.0,3.3,0.3,0.7,2.7,1.7,5.7
364,Dion Waiters\waitedi01,SG,26,MIA,3,3,31.3,6.3,13.7,.463,1.7,5.0,.333,4.7,8.7,.538,.524,0.3,1.0,.333,0.0,1.0,1.0,2.3,1.3,1.0,2.3,2.7,14.7
365,Kemba Walker\walkeke02,PG,27,CHO,3,3,36.0,6.0,13.7,.439,2.0,5.7,.353,4.0,8.0,.500,.512,7.7,9.0,.852,0.7,3.3,4.0,6.3,0.7,0.0,3.7,1.0,21.7
366,John Wall\walljo01,PG,27,WAS,3,3,35.3,7.0,17.7,.396,0.3,3.0,.111,6.7,14.7,.455,.406,10.0,11.7,.857,0.7,2.3,3.0,10.0,1.0,1.7,4.0,1.7,24.3
367,Taurean Waller-Prince\princta02,SF,23,ATL,4,4,28.8,5.5,11.3,.489,1.3,2.0,.625,4.3,9.3,.459,.544,1.3,1.3,1.000,0.8,5.3,6.0,1.5,1.3,0.3,3.3,2.8,13.5
368,T.J. Warren\warretj01,SF,24,PHO,4,4,28.3,4.3,10.5,.405,0.3,1.0,.250,4.0,9.5,.421,.417,2.5,3.5,.714,1.0,3.8,4.8,1.8,0.8,0.8,2.0,2.5,11.3
369,David West\westda01,C,37,GSW,4,0,10.8,2.3,3.3,.692,0.3,0.3,1.000,2.0,3.0,.667,.731,1.0,1.5,.667,1.5,1.3,2.8,1.3,0.5,1.0,0.8,1.8,5.8
370,Russell Westbrook\westbru01,PG,29,OKC,3,3,35.3,7.0,15.7,.447,2.0,4.7,.429,5.0,11.0,.455,.511,3.3,6.0,.556,1.3,8.0,9.3,11.7,0.7,0.7,5.3,2.0,19.3
371,Derrick White\whitede01,PG,23,SAS,1,0,0.0,0.0,0.0,,0.0,0.0,,0.0,0.0,,,0.0,0.0,,0.0,0.0,0.0,0.0,0.0,0.0,0.0,0.0,0.0
372,Hassan Whiteside\whiteha01,C,28,MIA,1,1,36.0,11.0,18.0,.611,1.0,1.0,1.000,10.0,17.0,.588,.639,3.0,3.0,1.000,5.0,17.0,22.0,1.0,0.0,1.0,1.0,1.0,26.0
373,Andrew Wiggins\wiggian01,SF,22,MIN,3,3,34.7,8.7,17.7,.491,2.7,6.3,.421,6.0,11.3,.529,.566,4.7,7.7,.609,1.7,4.0,5.7,1.7,0.7,0.0,1.3,1.0,24.7
374,Damien Wilkins\wilkida02,F-G,38,IND,3,0,10.7,0.7,1.3,.500,0.0,0.7,.000,0.7,0.7,1.000,.500,0.0,0.0,,0.0,0.7,0.7,0.7,0.3,0.0,0.3,0.7,1.3
375,Lou Williams\willilo02,SG,31,LAC,2,0,24.5,6.0,12.5,.480,1.5,4.5,.333,4.5,8.0,.563,.540,1.5,2.0,.750,0.5,2.5,3.0,6.0,1.0,0.0,1.5,2.0,15.0
376,Marvin Williams\willima02,PF,31,CHO,3,3,23.3,1.7,7.0,.238,1.3,4.3,.308,0.3,2.7,.125,.333,0.7,1.7,.400,0.3,1.3,1.7,0.7,1.0,0.3,0.7,1.7,5.3
377,Troy Williams\willitr02,SF,23,HOU,1,0,4.0,1.0,4.0,.250,0.0,3.0,.000,1.0,1.0,1.000,.250,0.0,0.0,,0.0,1.0,1.0,0.0,0.0,0.0,0.0,1.0,2.0
378,D.J. Wilson\wilsodj01,F,21,MIL,1,0,1.0,0.0,0.0,,0.0,0.0,,0.0,0.0,,,0.0,0.0,,0.0,0.0,0.0,0.0,0.0,0.0,0.0,0.0,0.0
379,Justise Winslow\winslju01,SF,21,MIA,3,0,25.0,3.7,8.0,.458,0.3,1.3,.250,3.3,6.7,.500,.479,0.3,0.7,.500,1.3,3.7,5.0,1.0,1.0,0.3,0.7,1.7,8.0
380,Jeff Withey\witheje01,C,27,DAL,2,0,7.0,1.0,2.0,.500,0.5,1.0,.500,0.5,1.0,.500,.625,0.5,1.0,.500,0.0,1.5,1.5,0.0,0.0,0.0,0.5,0.5,3.0
381,Brandan Wright\wrighbr03,PF,30,MEM,3,0,16.0,2.3,3.3,.700,0.0,0.0,,2.3,3.3,.700,.700,0.0,0.7,.000,1.0,2.7,3.7,0.0,1.0,0.3,0.3,1.0,4.7
382,Delon Wright\wrighde01,PG,25,TOR,3,0,26.7,2.7,6.3,.421,0.3,3.3,.100,2.3,3.0,.778,.447,4.7,4.7,1.000,0.3,3.0,3.3,3.3,0.7,1.0,1.7,1.7,10.3
383,Guerschon Yabusele\yabusgu01,F,22,BOS,1,0,3.0,1.0,2.0,.500,1.0,1.0,1.000,0.0,1.0,.000,.750,0.0,0.0,,0.0,1.0,1.0,0.0,0.0,0.0,2.0,2.0,3.0
384,Joe Young\youngjo01,PG,25,IND,1,0,4.0,2.0,2.0,1.000,0.0,0.0,,2.0,2.0,1.000,1.000,1.0,2.0,.500,0.0,1.0,1.0,0.0,0.0,0.0,1.0,1.0,5.0
385,Nick Young\youngni01,SG,32,GSW,4,0,15.5,3.3,5.5,.591,2.8,4.5,.611,0.5,1.0,.500,.841,0.5,0.5,1.000,0.3,0.8,1.0,0.3,0.3,0.0,0.8,1.3,9.8
386,Thaddeus Young\youngth01,PF,29,IND,3,3,31.3,6.0,13.3,.450,0.3,2.7,.125,5.7,10.7,.531,.463,0.7,0.7,1.000,3.7,5.0,8.7,1.3,1.0,1.0,0.7,1.7,13.0
387,Cody Zeller\zelleco01,PF,25,CHO,1,0,23.0,3.0,5.0,.600,0.0,0.0,,3.0,5.0,.600,.600,2.0,2.0,1.000,1.0,8.0,9.0,0.0,0.0,1.0,2.0,2.0,8.0
388,Paul Zipser\zipsepa01,SF,23,CHI,2,2,25.0,2.0,5.5,.364,0.5,1.5,.333,1.5,4.0,.375,.409,0.5,1.0,.500,0.0,4.5,4.5,2.0,1.0,0.0,2.0,3.0,5.0
389,Ante Zizic\zizican01,F-C,21,CLE,1,0,7.0,1.0,1.0,1.000,0.0,0.0,,1.0,1.0,1.000,1.000,2.0,3.0,.667,2.0,2.0,4.0,0.0,0.0,2.0,0.0,0.0,4.0